Link #,Source ID,Source Post,Source URL,Target URL,Target Page,Suggested Anchor Text,Link Type,Placement,Priority,Why,Status,Date Done,Verified Anchor Text,Match Type,Original Snippet,Proposed Rewrite,Section / Placement Note,Confidence,Notes
1,1,#1 Seasonal Demand Spikes: Inventory Planning for Corporate Gifting Brands,https://buyience.com/blog/seasonal-demand-spikes-inventory-planning-for-corporate-gifting-brands,https://buyience.com/blog/b2b-corporate-gifting-at-scale-quoting-bulk-pricing-and-order-management,"#7 B2B Corporate Gifting at Scale: Quoting, Bulk Pricing, and Order Management",corporate gifting at scale,Spoke → Pillar,First 150 words / intro,High,Pass authority to cluster pillar,To do,,Corporate gifting at scale,exact,…at fluctuates but doesn't swing wildly from month to month. Corporate gifting at scale doesn't work that way. A large share of annual volume can l…,,Intro,high,Sheet wanted 'corporate gifting at scale'; minimal intro tweak | Applied safe rewrite in MDX; now exact
2,1,#1 Seasonal Demand Spikes: Inventory Planning for Corporate Gifting Brands,https://buyience.com/blog/seasonal-demand-spikes-inventory-planning-for-corporate-gifting-brands,https://buyience.com/inventory-management,/inventory-management (product page),inventory management software,Blog → Money page,Before conclusion / CTA block,High,Converts blog traffic; lifts product page,To do,,inventory system,exact,"The corollary to all of this: any operational change — new quoting process, new inventory system, new fulfillment workflow — should happen during a slow period, never in the run-up to peak.",,Step 6: Do the infrastructure work in the off-season (CTA-adjacent),high,Money page; closest exact match to sheet 'inventory management software'; sits immediately before Nova Core | subagent rematch
3,1,#1 Seasonal Demand Spikes: Inventory Planning for Corporate Gifting Brands,https://buyience.com/blog/seasonal-demand-spikes-inventory-planning-for-corporate-gifting-brands,https://buyience.com/blog/managing-custom-and-bulk-orders-for-corporate-gift-programs,#4 Managing Custom and Bulk Orders for Corporate Gift Programs,bulk corporate gift order workflow,Sibling (same cluster),Relevant body section,Medium,Topical depth within cluster,To do,,Multi-recipient bulk orders,exact,Multi-recipient bulk orders are labor-intensive to pack and ship.,,"Step 4: Plan capacity, not just inventory",high,Natural body phrase for custom/bulk gift-order spoke | subagent rematch
4,1,#1 Seasonal Demand Spikes: Inventory Planning for Corporate Gifting Brands,https://buyience.com/blog/seasonal-demand-spikes-inventory-planning-for-corporate-gifting-brands,https://buyience.com/blog/multi-warehouse-inventory-for-industrial-suppliers-a-practical-guide,#2 Multi-Warehouse Inventory for Industrial Suppliers: A Practical Guide,multi-warehouse inventory,Cross-cluster bridge,Relevant body section,Medium,Connects related intent across clusters,To do,,multi-warehouse inventory,exact,"Nova Core's multi-warehouse inventory tracks available-to-promise stock in real time, so quoting during peak reflects what's genuinely available rather than a stale snapshot — and large orders in negotiation can be flagged against inventory before they're confirmed.",,How Nova Core supports seasonal planning,high,Unique vs link 2; product-adjacent exact match for multi-warehouse guide | subagent rematch
5,2,#2 Multi-Warehouse Inventory for Industrial Suppliers: A Practical Guide,https://buyience.com/blog/multi-warehouse-inventory-for-industrial-suppliers-a-practical-guide,https://buyience.com/blog/industrial-supply-distributors-moving-from-phone-email-orders-to-self-service,#8 Industrial Supply Distributors: Moving From Phone/Email Orders to Self-Service,moving from phone/email orders to self-service,Spoke → Pillar,First 150 words / intro,High,Pass authority to cluster pillar,To do,,self-service ordering,exact,"…the information doesn't make it back to sales, quoting, and self-service ordering in real time. A rep quoting a customer needs to know, at th…",,Step 3: Build real-time visibility into quoting and sales,high,No self-service phrase in source; minimal list insert | Applied safe rewrite in MDX; now exact
6,2,#2 Multi-Warehouse Inventory for Industrial Suppliers: A Practical Guide,https://buyience.com/blog/multi-warehouse-inventory-for-industrial-suppliers-a-practical-guide,https://buyience.com/inventory-management,/inventory-management (product page),inventory management software,Blog → Money page,Before conclusion / CTA block,High,Converts blog traffic; lifts product page,To do,,multi-warehouse inventory,exact,"Nova Core's multi-warehouse inventory tracks live stock across locations with real-time updates that flow directly into quoting and the customer storefront — so a quote reflects actual, available-to-promise inventory at the moment it's built, not a stale snapshot.",,How Nova Core handles this,high,Money page; product mention at CTA | subagent rematch
7,2,#2 Multi-Warehouse Inventory for Industrial Suppliers: A Practical Guide,https://buyience.com/blog/multi-warehouse-inventory-for-industrial-suppliers-a-practical-guide,https://buyience.com/blog/net-30-60-90-terms-in-industrial-distribution-what-actually-works,#3 Net 30/60/90 Terms in Industrial Distribution: What Actually Works,setting a credit terms policy,Sibling (same cluster),Relevant body section,Medium,Topical depth within cluster,To do,,Net 30/60/90 terms,rewrite,"A rep quoting a customer needs to know, at the moment of quoting, what's actually available and where it would ship from, not a number that was accurate as of this morning's manual export.","A rep quoting a customer needs to know, at the moment of quoting, what's actually available, where it would ship from, and which Net 30/60/90 terms apply — not a number that was accurate as of this morning's manual export.",Step 3: Build real-time visibility into quoting and sales,medium,No payment-terms phrase in source; quoting is the natural bridge | subagent rematch
8,2,#2 Multi-Warehouse Inventory for Industrial Suppliers: A Practical Guide,https://buyience.com/blog/multi-warehouse-inventory-for-industrial-suppliers-a-practical-guide,https://buyience.com/blog/seasonal-demand-spikes-inventory-planning-for-corporate-gifting-brands,#1 Seasonal Demand Spikes: Inventory Planning for Corporate Gifting Brands,corporate gifting inventory planning,Cross-cluster bridge,Relevant body section,Medium,Connects related intent across clusters,To do,,seasonal demand spikes,exact,"…ock between warehouses — to rebalance inventory, respond to seasonal demand spikes or regional demand shifts, or consolidate for a large order…",,Step 4: Handle transfers deliberately,high,Cross-cluster; demand-shift clause is the natural insert point | Applied safe rewrite in MDX; now exact
9,3,#3 Net 30/60/90 Terms in Industrial Distribution: What Actually Works,https://buyience.com/blog/net-30-60-90-terms-in-industrial-distribution-what-actually-works,https://buyience.com/blog/industrial-supply-distributors-moving-from-phone-email-orders-to-self-service,#8 Industrial Supply Distributors: Moving From Phone/Email Orders to Self-Service,B2B self-service ordering,Spoke → Pillar,First 150 words / intro,High,Pass authority to cluster pillar,To do,,self-service ordering,exact,"…lass part of the same system that handles pricing, quoting, self-service ordering, and orders — rather than a side process — removes the gap…",,What breaks when terms live disconnected from your order system,high,No self-service phrase in source | Applied safe rewrite in MDX; now exact
10,3,#3 Net 30/60/90 Terms in Industrial Distribution: What Actually Works,https://buyience.com/blog/net-30-60-90-terms-in-industrial-distribution-what-actually-works,https://buyience.com/order-management,/order-management (product page),B2B order management,Blog → Money page,Before conclusion / CTA block,High,Converts blog traffic; lifts product page,To do,,order management,exact,"Nova Core supports Net 30/60/90 terms natively as part of the order management workflow, tied to the same customer record used for pricing and quoting — so terms are visible and consistent at every stage, not managed separately from the rest of the sales process.",,How Nova Core handles this,high,Money page; product-adjacent | subagent rematch
11,3,#3 Net 30/60/90 Terms in Industrial Distribution: What Actually Works,https://buyience.com/blog/net-30-60-90-terms-in-industrial-distribution-what-actually-works,https://buyience.com/blog/b2b-reordering-is-broken-and-why-that-matters,#22 B2B Reordering Is Broken — and Why That Matters,fixing B2B reorders,Sibling (same cluster),Relevant body section,Medium,Topical depth within cluster,To do,,B2B reordering,rewrite,"Collections has no visibility into upcoming large orders, so cash-flow forecasting is reactive rather than planned.","Collections has no visibility into upcoming large orders or B2B reordering patterns, so cash-flow forecasting is reactive rather than planned.",What breaks when terms live disconnected from your order system,medium,No reorder phrasing in source; cash-flow/orders bullet is cleanest bridge | subagent rematch
12,3,#3 Net 30/60/90 Terms in Industrial Distribution: What Actually Works,https://buyience.com/blog/net-30-60-90-terms-in-industrial-distribution-what-actually-works,https://buyience.com/blog/how-distributors-can-automate-quote-to-order-processes-2026-playbook,#14 How Distributors Can Automate Quote-to-Order Processes (2026 Playbook),automate the quote-to-order process,Cross-cluster bridge,Relevant body section,Medium,Connects related intent across clusters,To do,,quote-to-order process,exact,"…alongside every order, not in a separate ledger.** If your quote-to-order process doesn't know what terms apply to a given customer, someone…",,Building a terms policy that actually holds,high,Swap 'quoting and order system' → 'quote-to-order process' | Applied safe rewrite in MDX; now exact
13,3,#3 Net 30/60/90 Terms in Industrial Distribution: What Actually Works,https://buyience.com/blog/net-30-60-90-terms-in-industrial-distribution-what-actually-works,https://buyience.com/blog/how-fastener-distributors-can-stop-losing-margin-on-manual-quotes,#13 How Fastener Distributors Can Stop Losing Margin on Manual Quotes,margin leakage in manual quoting,Cross-cluster bridge,Relevant body section,Medium,Connects related intent across clusters,To do,,margin leakage in manual quoting,exact,"If your quoting and order system doesn't know what terms apply to a given customer, someone has to remember or look it up manually — and that's exactly the kind of manual step where inconsistency creeps in, the same pattern that shows up in manual pricing (see our related post on margin leakage in manual quoting).",,Building a terms policy that actually holds,high,Already present as related-post link text; perfect for fastener margin manual-quotes blog | subagent rematch
14,3,#3 Net 30/60/90 Terms in Industrial Distribution: What Actually Works,https://buyience.com/blog/net-30-60-90-terms-in-industrial-distribution-what-actually-works,https://buyience.com/blog/how-to-price-fasteners-and-mro-parts-for-repeat-b2b-buyers,#9 How to Price Fasteners and MRO Parts for Repeat B2B Buyers,repeat-buyer pricing for MRO,Cross-cluster bridge,Relevant body section,Medium,Lifts thin-inbound post to 3+ links,To do,,tiered customer pricing,exact,"Combined with tiered customer pricing and real-time order tracking, it gives distributors one place to manage both what a customer pays and when.",,How Nova Core handles this,high,Best exact match for repeat-buyer / MRO pricing post | subagent rematch
15,4,#4 Managing Custom and Bulk Orders for Corporate Gift Programs,https://buyience.com/blog/managing-custom-and-bulk-orders-for-corporate-gift-programs,https://buyience.com/blog/b2b-corporate-gifting-at-scale-quoting-bulk-pricing-and-order-management,"#7 B2B Corporate Gifting at Scale: Quoting, Bulk Pricing, and Order Management",bulk quoting and pricing for corporate gifting,Spoke → Pillar,First 150 words / intro,High,Pass authority to cluster pillar,To do,,Corporate gifting at scale,exact,**Corporate gifting at scale is rarely just a large order.** It's a large order with a l…,,Intro,high,Sheet/pillar phrase absent; minimal opening rewrite | Applied safe rewrite in MDX; now exact
16,4,#4 Managing Custom and Bulk Orders for Corporate Gift Programs,https://buyience.com/blog/managing-custom-and-bulk-orders-for-corporate-gift-programs,https://buyience.com/order-management,/order-management (product page),B2B order management,Blog → Money page,Before conclusion / CTA block,High,Converts blog traffic; lifts product page,To do,,order management,exact,"Nova Core's CPQ handles custom configuration as structured line-item data — customization options, packaging, and per-variant quantities captured at quoting and carried through to the order record rather than living in a separate email thread. Multi-warehouse inventory shows available-to-promise stock at the moment of quoting, so timing problems surface while alternatives still exist, and order management keeps ship-by dates, recipient handling, and custom specifications attached to the order for whoever handles fulfillment.",,How Nova Core supports custom and bulk gift orders,high,Money page; product-adjacent | subagent rematch
17,4,#4 Managing Custom and Bulk Orders for Corporate Gift Programs,https://buyience.com/blog/managing-custom-and-bulk-orders-for-corporate-gift-programs,https://buyience.com/blog/why-corporate-gifting-companies-outgrow-shopify-and-what-to-use-instead,#6 Why Corporate Gifting Companies Outgrow Shopify (and What to Use Instead),Shopify alternative for B2B gifting,Sibling (same cluster),Relevant body section,Medium,Topical depth within cluster,To do,,outgrow Shopify,rewrite,"That works until order volume grows past what any one person can hold in their head, or until the person who took the order isn't the person who fulfills it.",That works until order volume grows past what any one person can hold in their head — often the same moment teams outgrow Shopify — or until the person who took the order isn't the person who fulfills it.,Intro,high,No Shopify mention in source; growth-breakpoint clause is natural | subagent rematch
18,4,#4 Managing Custom and Bulk Orders for Corporate Gift Programs,https://buyience.com/blog/managing-custom-and-bulk-orders-for-corporate-gift-programs,https://buyience.com/blog/how-distributors-can-automate-quote-to-order-processes-2026-playbook,#14 How Distributors Can Automate Quote-to-Order Processes (2026 Playbook),automate the quote-to-order process,Cross-cluster bridge,Relevant body section,Medium,Connects related intent across clusters,To do,,quote-to-order process,exact,"…packaging, and per-variant quantities captured through the quote-to-order process and carried through to the order record rather than living…",,How Nova Core supports custom and bulk gift orders,high,Unique vs 'order management' in same paragraph | Applied safe rewrite in MDX; now exact
19,5,#5 Digital Sales Room (DSR),https://buyience.com/blog/digital-sales-room-dsr,https://buyience.com/blog/how-distributors-can-automate-quote-to-order-processes-2026-playbook,#14 How Distributors Can Automate Quote-to-Order Processes (2026 Playbook),automate the quote-to-order process,Spoke → Pillar,First 150 words / intro,High,Pass authority to cluster pillar,To do,,quote-to-order process,exact,"…9. **Conversion to order.** The accepted terms complete the quote-to-order process directly, without manual re-entry — which removes a genuine…",,Key features of a digital sales room,high,Conversion-to-order feature is the playbook bridge | Applied safe rewrite in MDX; now exact
20,5,#5 Digital Sales Room (DSR),https://buyience.com/blog/digital-sales-room-dsr,https://buyience.com/digital-sales-room,/digital-sales-room (product page),Buyience Digital Sales Room,Blog → Money page,Before conclusion / CTA block,High,Converts blog traffic; lifts product page,To do,,Digital Sales Room,exact,"Buyience Nova Core's Digital Sales Room is built for distribution deal shapes: line-level negotiation across multi-SKU quotes, customer pricing resolved automatically from tier and volume rules, real-time margin floor visibility for the seller, and live inventory so availability questions get answered in the room.",,The digital sales room in Buyience Nova Core,high,Money page; product name at CTA | subagent rematch
21,5,#5 Digital Sales Room (DSR),https://buyience.com/blog/digital-sales-room-dsr,https://buyience.com/blog/quote-turnaround-time-the-metric-fastener-distributors-ignore,#10 Quote Turnaround Time: The Metric Fastener Distributors Ignore,measuring how fast quotes go out,Sibling (same cluster),Relevant body section,Medium,Topical depth within cluster,To do,,Quote turnaround time,exact,Quote turnaround time,,Related terms,high,Exact phrase already in Related terms; no body occurrence of 'turnaround' | subagent rematch
22,5,#5 Digital Sales Room (DSR),https://buyience.com/blog/digital-sales-room-dsr,https://buyience.com/blog/the-real-cost-of-manual-quote-approvals-in-b2b,#24 The Real Cost of Manual Quote Approvals in B2B,cost of manual quote approvals,Cross-cluster bridge,Relevant body section,Medium,Connects related intent across clusters,To do,,manual quote approvals,exact,"…om within the room, rather than pausing the negotiation for manual quote approvals while the rep tracks down a manager. 9. **Conversion to ord…",,Key features of a digital sales room,high,Closest body topic is Approval routing; insert sheet phrase cleanly | Applied safe rewrite in MDX; now exact
23,6,#6 Why Corporate Gifting Companies Outgrow Shopify (and What to Use Instead),https://buyience.com/blog/why-corporate-gifting-companies-outgrow-shopify-and-what-to-use-instead,https://buyience.com/blog/b2b-corporate-gifting-at-scale-quoting-bulk-pricing-and-order-management,"#7 B2B Corporate Gifting at Scale: Quoting, Bulk Pricing, and Order Management",corporate gifting at scale,Spoke → Pillar,First 150 words / intro,High,Pass authority to cluster pillar,To do,,corporate gifting at scale,exact,"Shopify is often the right first choice for corporate gifting at scale. It's fast to set up, well-supported, and lets a small team…",,Intro,high,Sheet phrase absent; minimal opening swap | Applied safe rewrite in MDX; now exact
24,6,#6 Why Corporate Gifting Companies Outgrow Shopify (and What to Use Instead),https://buyience.com/blog/why-corporate-gifting-companies-outgrow-shopify-and-what-to-use-instead,https://buyience.com/nova-core,/nova-core (product page),NOVA Core B2B commerce platform,Blog → Money page,Before conclusion / CTA block,High,Converts blog traffic; lifts product page,To do,,Nova Core,exact,"Nova Core is built specifically for B2B commerce — quoting, tiered and bulk pricing, CPQ for custom orders, and order management that supports the account-based, multi-recipient reality of corporate gifting — while remaining headless and API-first, so a gifting brand can keep its existing storefront design and plug B2B infrastructure in underneath it rather than starting the frontend from scratch.",,How Nova Core fits,high,Money page; product name at CTA | subagent rematch
25,6,#6 Why Corporate Gifting Companies Outgrow Shopify (and What to Use Instead),https://buyience.com/blog/why-corporate-gifting-companies-outgrow-shopify-and-what-to-use-instead,https://buyience.com/blog/seasonal-demand-spikes-inventory-planning-for-corporate-gifting-brands,#1 Seasonal Demand Spikes: Inventory Planning for Corporate Gifting Brands,planning inventory for peak gifting weeks,Sibling (same cluster),Relevant body section,Medium,Topical depth within cluster,To do,,seasonal corporate gifting demand,exact,"Time the cutover away from peak season. Given how seasonal corporate gifting demand tends to be, migrating infrastructure during a slow period rather than in the run-up to year-end avoids compounding a platform transition with the highest-stakes weeks of the year.",,Making the switch without disrupting active client relationships,high,Best exact bridge to seasonal-demand-spikes post | subagent rematch
26,6,#6 Why Corporate Gifting Companies Outgrow Shopify (and What to Use Instead),https://buyience.com/blog/why-corporate-gifting-companies-outgrow-shopify-and-what-to-use-instead,https://buyience.com/blog/what-is-b2b-ecommerce-a-complete-guide,"#29 B2B E-commerce: What It Is, Why It Matters, and How Modern Platforms Support It",what B2B e-commerce is,Cross-cluster bridge,Relevant body section,Medium,Connects related intent across clusters,To do,,B2B commerce,exact,"Nova Core is built specifically for B2B commerce — quoting, tiered and bulk pricing, CPQ for custom orders, and order management that supports the account-based, multi-recipient reality of corporate gifting — while remaining headless and API-first, so a gifting brand can keep its existing storefront design and plug B2B infrastructure in underneath it rather than starting the frontend from scratch.",,How Nova Core fits,high,Unique vs Nova Core; maps to what-is-b2b-ecommerce guide | subagent rematch
27,6,#6 Why Corporate Gifting Companies Outgrow Shopify (and What to Use Instead),https://buyience.com/blog/why-corporate-gifting-companies-outgrow-shopify-and-what-to-use-instead,https://buyience.com/blog/how-b2b-teams-manage-customer-specific-pricing-at-scale,#23 How B2B Teams Manage Customer-Specific Pricing at Scale,managing customer-specific pricing,Cross-cluster bridge,Relevant body section,Medium,Connects related intent across clusters,To do,,client-specific pricing,exact,"The ability to build a custom quote — bulk quantity, customization line items, client-specific pricing — inside the same system that becomes the order, rather than quoting in email and manually re-entering the result.",,What to look for in a B2B-native alternative,high,Exact synonym for customer-specific pricing target | subagent rematch
28,6,#6 Why Corporate Gifting Companies Outgrow Shopify (and What to Use Instead),https://buyience.com/blog/why-corporate-gifting-companies-outgrow-shopify-and-what-to-use-instead,https://buyience.com/blog/what-is-buyience-a-mordern-b2b-commerce-platform,#32 What Is Buyience? A Modern API-Driven B2B Commerce Platform Built for Operational Scale,Buyience B2B commerce platform,Cross-cluster bridge,Relevant body section,Medium,Lifts thin-inbound post to 3+ links,To do,,Buyience,exact,Buyience offers a 14-day free trial with full access to every feature — no credit card required to start.,,How Nova Core fits (CTA),medium,Only brand name present; no 'what is Buyience' phrase | subagent rematch
29,7,"#7 B2B Corporate Gifting at Scale: Quoting, Bulk Pricing, and Order Management",https://buyience.com/blog/b2b-corporate-gifting-at-scale-quoting-bulk-pricing-and-order-management,https://buyience.com/blog/seasonal-demand-spikes-inventory-planning-for-corporate-gifting-brands,#1 Seasonal Demand Spikes: Inventory Planning for Corporate Gifting Brands,corporate gifting inventory planning,Pillar → Spoke,Section covering this subtopic,High,Pillar distributes to every spoke,To do,,Seasonal demand spikes,exact,Seasonal demand spikes overwhelm manual processes precisely when it matters most.,,Where corporate gifting operations actually break,high,Exact match to seasonal spoke title/topic | subagent rematch
30,7,"#7 B2B Corporate Gifting at Scale: Quoting, Bulk Pricing, and Order Management",https://buyience.com/blog/b2b-corporate-gifting-at-scale-quoting-bulk-pricing-and-order-management,https://buyience.com/blog/managing-custom-and-bulk-orders-for-corporate-gift-programs,#4 Managing Custom and Bulk Orders for Corporate Gift Programs,managing custom and bulk gift orders,Pillar → Spoke,Section covering this subtopic,High,Pillar distributes to every spoke,To do,,custom and bulk orders,exact,Handling custom and bulk orders without losing details,,Handling custom and bulk orders without losing details,high,Section heading phrase; perfect spoke match | subagent rematch
31,7,"#7 B2B Corporate Gifting at Scale: Quoting, Bulk Pricing, and Order Management",https://buyience.com/blog/b2b-corporate-gifting-at-scale-quoting-bulk-pricing-and-order-management,https://buyience.com/blog/why-corporate-gifting-companies-outgrow-shopify-and-what-to-use-instead,#6 Why Corporate Gifting Companies Outgrow Shopify (and What to Use Instead),why gifting companies outgrow Shopify,Pillar → Spoke,Section covering this subtopic,High,Pillar distributes to every spoke,To do,,ecommerce tools fall short,exact,Where spreadsheets and general ecommerce tools fall short,,Where spreadsheets and general ecommerce tools fall short,high,Contiguous in section heading; maps to outgrow-Shopify post | subagent rematch
32,7,"#7 B2B Corporate Gifting at Scale: Quoting, Bulk Pricing, and Order Management",https://buyience.com/blog/b2b-corporate-gifting-at-scale-quoting-bulk-pricing-and-order-management,https://buyience.com/ai-quote-engine,/ai-quote-engine (product page),Buyience AI Quote Engine,Blog → Money page,Before conclusion / CTA block,High,Converts blog traffic; lifts product page,To do,,AI Quote Engine,exact,"Nova Core's CPQ and AI Quote Engine handle bulk quantity pricing, customization line items, and client-specific rates automatically, so a large custom quote can generate in minutes rather than requiring manual calculation under deadline pressure.",,How Nova Core supports corporate gifting operations,high,Money page; product name at CTA | subagent rematch
33,7,"#7 B2B Corporate Gifting at Scale: Quoting, Bulk Pricing, and Order Management",https://buyience.com/blog/b2b-corporate-gifting-at-scale-quoting-bulk-pricing-and-order-management,https://buyience.com/order-management,/order-management (product page),B2B order management,Blog → Money page,Mid-article contextual mention,High,Pillar supports cluster's product page,To do,,order management,exact,"Combined with multi-warehouse inventory and order management built to track custom requirements and bulk, multi-recipient fulfillment, it gives corporate gifting businesses one system for the whole quote-to-delivery process — built to hold up during seasonal peaks, not just at normal volume.",,How Nova Core supports corporate gifting operations,high,Money page; unique vs AI Quote Engine in prior sentence | subagent rematch
34,7,"#7 B2B Corporate Gifting at Scale: Quoting, Bulk Pricing, and Order Management",https://buyience.com/blog/b2b-corporate-gifting-at-scale-quoting-bulk-pricing-and-order-management,https://buyience.com/blog/volume-discount-structures-that-actually-protect-your-margin,#11 Volume Discount Structures That Actually Protect Your Margin,volume discount tiers that protect margin,Cross-cluster bridge,Relevant body section,Medium,Connects related intent across clusters,To do,,volume breaks,exact,"Just as fastener and MRO distributors use volume breaks, corporate gifting businesses benefit from defined quantity tiers — a per-unit price for 50 units, a better one for 250, a better one still for 1,000+.",,Building a quoting process that scales with order size,high,Best body phrase for volume-discount structures post | subagent rematch
35,7,"#7 B2B Corporate Gifting at Scale: Quoting, Bulk Pricing, and Order Management",https://buyience.com/blog/b2b-corporate-gifting-at-scale-quoting-bulk-pricing-and-order-management,https://buyience.com/blog/how-distributors-can-automate-quote-to-order-processes-2026-playbook,#14 How Distributors Can Automate Quote-to-Order Processes (2026 Playbook),quote-to-order automation playbook,Cross-cluster bridge,Relevant body section,Medium,Connects related intent across clusters,To do,,quote-to-delivery process,exact,"Combined with multi-warehouse inventory and order management built to track custom requirements and bulk, multi-recipient fulfillment, it gives corporate gifting businesses one system for the whole quote-to-delivery process — built to hold up during seasonal peaks, not just at normal volume.",,How Nova Core supports corporate gifting operations,high,Closest exact phrase to quote-to-order playbook; unique vs order management | subagent rematch
36,7,"#7 B2B Corporate Gifting at Scale: Quoting, Bulk Pricing, and Order Management",https://buyience.com/blog/b2b-corporate-gifting-at-scale-quoting-bulk-pricing-and-order-management,https://buyience.com/blog/how-b2b-teams-manage-customer-specific-pricing-at-scale,#23 How B2B Teams Manage Customer-Specific Pricing at Scale,customer-specific pricing at scale,Cross-cluster bridge,Relevant body section,Medium,Connects related intent across clusters,To do,,client-specific pricing,exact,"Build client-specific pricing for repeat accounts, layered on top of quantity tiers — similar in structure to the tiered pricing distributors use, but built around gifting-specific relationship factors: contract commitments, order frequency, or a negotiated annual rate.",,Building a quoting process that scales with order size,high,Exact synonym for customer-specific pricing target | subagent rematch
37,8,#8 Industrial Supply Distributors: Moving From Phone/Email Orders to Self-Service,https://buyience.com/blog/industrial-supply-distributors-moving-from-phone-email-orders-to-self-service,https://buyience.com/blog/multi-warehouse-inventory-for-industrial-suppliers-a-practical-guide,#2 Multi-Warehouse Inventory for Industrial Suppliers: A Practical Guide,multi-warehouse inventory,Pillar → Spoke,Section covering this subtopic,High,Pillar distributes to every spoke,To do,,multi-warehouse inventory,exact,"…pricing resolved automatically per customer, and real-time multi-warehouse inventory visibility rather than a static, periodically updated catal…",,Step 2: Make current pricing and availability visible without a phone call,high,No multi-warehouse phrase in source; insert before 'visibility' | Applied safe rewrite in MDX; now exact
38,8,#8 Industrial Supply Distributors: Moving From Phone/Email Orders to Self-Service,https://buyience.com/blog/industrial-supply-distributors-moving-from-phone-email-orders-to-self-service,https://buyience.com/blog/net-30-60-90-terms-in-industrial-distribution-what-actually-works,#3 Net 30/60/90 Terms in Industrial Distribution: What Actually Works,net 30/60/90 payment terms,Pillar → Spoke,Section covering this subtopic,High,Pillar distributes to every spoke,To do,,payment terms,exact,"A customer with negotiated pricing, a specific tier, or established payment terms should see exactly that when they log in — not a generic public price list that doesn't reflect their actual relationship.",,Step 3: Preserve account-specific pricing and terms in the self-service experience,high,Best exact bridge to Net 30/60/90 post | subagent rematch
39,8,#8 Industrial Supply Distributors: Moving From Phone/Email Orders to Self-Service,https://buyience.com/blog/industrial-supply-distributors-moving-from-phone-email-orders-to-self-service,https://buyience.com/blog/b2b-reordering-is-broken-and-why-that-matters,#22 B2B Reordering Is Broken — and Why That Matters,B2B reordering,Pillar → Spoke,Section covering this subtopic,High,Pillar distributes to every spoke,To do,,routine reorders,exact,"Freeing up capacity from routine reorders is what makes it possible to give those higher-value interactions the attention they deserve, rather than splitting limited rep time evenly across every order regardless of complexity.",,Step 5: Keep the personal relationship available for what actually needs it,high,Stronger than bare 'Repeat orders' for b2b-reordering post | subagent rematch
40,8,#8 Industrial Supply Distributors: Moving From Phone/Email Orders to Self-Service,https://buyience.com/blog/industrial-supply-distributors-moving-from-phone-email-orders-to-self-service,https://buyience.com/order-management,/order-management (product page),B2B order management,Blog → Money page,Before conclusion / CTA block,High,Converts blog traffic; lifts product page,To do,,order management,exact,…ributors can offer both paths from one platform with shared order management rather than running self-service and assisted ordering as s…,,How Nova Core supports this transition,high,Money page; 'order management' absent as contiguous phrase — add at product CTA | Applied safe rewrite in MDX; now exact
41,8,#8 Industrial Supply Distributors: Moving From Phone/Email Orders to Self-Service,https://buyience.com/blog/industrial-supply-distributors-moving-from-phone-email-orders-to-self-service,https://buyience.com/blog/what-is-b2b-ecommerce-a-complete-guide,"#29 B2B E-commerce: What It Is, Why It Matters, and How Modern Platforms Support It",B2B e-commerce guide,Cross-cluster bridge,Relevant body section,Medium,Connects related intent across clusters,To do,,ecommerce checkout tools,exact,"This is where generic ecommerce checkout tools often fall short for B2B: they weren't built around the idea that different logged-in customers should see fundamentally different prices and terms for the same product, which is standard in industrial distribution but unusual in consumer retail.",,Step 3: Preserve account-specific pricing and terms in the self-service experience,high,Exact body phrase already framed for B2B; maps to b2b-ecommerce guide | subagent rematch
42,8,#8 Industrial Supply Distributors: Moving From Phone/Email Orders to Self-Service,https://buyience.com/blog/industrial-supply-distributors-moving-from-phone-email-orders-to-self-service,https://buyience.com/blog/tiered-pricing-for-fastener-and-mro-distributors-a-practical-setup-guide,#12 Tiered Pricing for Fastener & MRO Distributors: A Practical Setup Guide,tiered pricing for fastener and MRO distributors,Cross-cluster bridge,Relevant body section,Medium,Connects related intent across clusters,To do,,tiered and volume pricing,exact,"This requires the same underlying pricing and inventory infrastructure that supports accurate quoting generally: tiered and volume pricing resolved automatically per customer, and real-time inventory visibility rather than a static, periodically updated catalog.",,Step 2: Make current pricing and availability visible without a phone call,high,Best exact match for fastener/MRO tiered-pricing guide; unique vs multi-warehouse rewrite in same sentence | subagent rematch
43,9,#9 How to Price Fasteners and MRO Parts for Repeat B2B Buyers,https://buyience.com/blog/how-to-price-fasteners-and-mro-parts-for-repeat-b2b-buyers,https://buyience.com/blog/how-b2b-teams-manage-customer-specific-pricing-at-scale,#23 How B2B Teams Manage Customer-Specific Pricing at Scale,customer-specific pricing at scale,Spoke → Pillar,First 150 words / intro,High,Pass authority to cluster pillar,To do,,customer-tier pricing,exact,"Nova Core resolves customer-tier pricing, volume breaks, and any standing or contract-specific rates automatically at the line-item level",,How Nova Core supports repeat-buyer pricing,medium,Best exact stand-in for customer-specific pricing pillar; no 'customer-specific' phrase in source | subagent rematch
44,9,#9 How to Price Fasteners and MRO Parts for Repeat B2B Buyers,https://buyience.com/blog/how-to-price-fasteners-and-mro-parts-for-repeat-b2b-buyers,https://buyience.com/pricing-and-margin-control,/pricing-and-margin-control (product page),pricing and margin control,Blog → Money page,Before conclusion / CTA block,High,Converts blog traffic; lifts product page,To do,,Margin floors,exact,"Margin floors are enforced system-wide, and every price a customer actually receives is tracked",,How Nova Core supports repeat-buyer pricing,high,Product-relevant money-page anchor for /pricing-and-margin-control | subagent rematch
45,9,#9 How to Price Fasteners and MRO Parts for Repeat B2B Buyers,https://buyience.com/blog/how-to-price-fasteners-and-mro-parts-for-repeat-b2b-buyers,https://buyience.com/blog/volume-discount-structures-that-actually-protect-your-margin,#11 Volume Discount Structures That Actually Protect Your Margin,volume discount tiers that protect margin,Sibling (same cluster),Relevant body section,Medium,Topical depth within cluster,To do,,volume discount management,exact,Guarding against this requires the same discipline covered in volume discount management: a defined margin floor that any exception has to clear,,Avoid the drift that erodes margin over time,high, | subagent rematch
46,9,#9 How to Price Fasteners and MRO Parts for Repeat B2B Buyers,https://buyience.com/blog/how-to-price-fasteners-and-mro-parts-for-repeat-b2b-buyers,https://buyience.com/blog/industrial-supply-distributors-moving-from-phone-email-orders-to-self-service,#8 Industrial Supply Distributors: Moving From Phone/Email Orders to Self-Service,moving from phone/email orders to self-service,Cross-cluster bridge,Relevant body section,Medium,Connects related intent across clusters,To do,,self-service ordering,rewrite,"so repeat customers get consistent, current pricing on every quote without a rep needing to manually recall or recalculate what applies.","so repeat customers get consistent, current pricing on every quote and via self-service ordering without a rep needing to manually recall or recalculate what applies.",How Nova Core supports repeat-buyer pricing,medium,No phone/email or self-service phrase in source; minimal insert | subagent rematch
47,10,#10 Quote Turnaround Time: The Metric Fastener Distributors Ignore,https://buyience.com/blog/quote-turnaround-time-the-metric-fastener-distributors-ignore,https://buyience.com/blog/how-distributors-can-automate-quote-to-order-processes-2026-playbook,#14 How Distributors Can Automate Quote-to-Order Processes (2026 Playbook),quote-to-order automation playbook,Spoke → Pillar,First 150 words / intro,High,Pass authority to cluster pillar,To do,,quote-to-order process,exact,…t asking reps to simply move faster through the same manual quote-to-order process. Buyience offers a **14-day free trial** with full access…,,How Nova Core helps,high,No quote-to-order phrase in source | Applied safe rewrite in MDX; now exact
48,10,#10 Quote Turnaround Time: The Metric Fastener Distributors Ignore,https://buyience.com/blog/quote-turnaround-time-the-metric-fastener-distributors-ignore,https://buyience.com/ai-quote-engine,/ai-quote-engine (product page),Buyience AI Quote Engine,Blog → Money page,Before conclusion / CTA block,High,Converts blog traffic; lifts product page,To do,,AI Quote Engine,exact,"Nova Core's AI Quote Engine resolves tiered, volume, and contract pricing automatically at the line-item level",,How Nova Core helps,high,Money-page product name | subagent rematch
49,10,#10 Quote Turnaround Time: The Metric Fastener Distributors Ignore,https://buyience.com/blog/quote-turnaround-time-the-metric-fastener-distributors-ignore,https://buyience.com/blog/ai-quote-generation-in-b2b-what-is-real-vs-marketing,#16 AI Quote Generation in B2B — What's Real vs Marketing,what AI quoting can actually do,Sibling (same cluster),Relevant body section,Medium,Topical depth within cluster,To do,,AI quote generation,rewrite,"If tiered, volume, and contract pricing resolve automatically rather than being manually checked and calculated, the single largest chunk of quoting time disappears without asking anyone to work faster or cut corners.","If AI quote generation resolves tiered, volume, and contract pricing automatically rather than being manually checked and calculated, the single largest chunk of quoting time disappears without asking anyone to work faster or cut corners.",What actually moves the needle,medium,Keeps AI Quote Engine free for money-page link 48 | subagent rematch
50,10,#10 Quote Turnaround Time: The Metric Fastener Distributors Ignore,https://buyience.com/blog/quote-turnaround-time-the-metric-fastener-distributors-ignore,https://buyience.com/blog/why-manual-b2b-quoting-is-costing-you-deals,#25 Why Manual B2B Quoting Is Costing You Deals,manual quoting problems,Cross-cluster bridge,Relevant body section,Medium,Connects related intent across clusters,To do,,manual quoting,exact,"generates a complete, formatted quote in seconds rather than the 20–30 minutes per line item that manual quoting typically requires",,How Nova Core helps,high, | subagent rematch
51,11,#11 Volume Discount Structures That Actually Protect Your Margin,https://buyience.com/blog/volume-discount-structures-that-actually-protect-your-margin,https://buyience.com/blog/how-b2b-teams-manage-customer-specific-pricing-at-scale,#23 How B2B Teams Manage Customer-Specific Pricing at Scale,managing customer-specific pricing,Spoke → Pillar,First 150 words / intro,High,Pass authority to cluster pillar,To do,,customer-based tiered pricing,exact,most distributors also have customer-based tiered pricing layered on top (a topic covered in more depth in our tiered pricing setup guide),,Step 4: Decide how volume breaks interact with customer tiers,medium,Best exact phrase for customer-specific pricing pillar | subagent rematch
52,11,#11 Volume Discount Structures That Actually Protect Your Margin,https://buyience.com/blog/volume-discount-structures-that-actually-protect-your-margin,https://buyience.com/pricing-and-margin-control,/pricing-and-margin-control (product page),pricing and margin control,Blog → Money page,Before conclusion / CTA block,High,Converts blog traffic; lifts product page,To do,,margin floors,exact,"Nova Core's AI Quote Engine enforces margin floors on every quote, at the line-item level",,How Nova Core handles this,high,Product-relevant money-page anchor | subagent rematch
53,11,#11 Volume Discount Structures That Actually Protect Your Margin,https://buyience.com/blog/volume-discount-structures-that-actually-protect-your-margin,https://buyience.com/blog/tiered-pricing-for-fastener-and-mro-distributors-a-practical-setup-guide,#12 Tiered Pricing for Fastener & MRO Distributors: A Practical Setup Guide,setting up tiered pricing,Sibling (same cluster),Relevant body section,Medium,Topical depth within cluster,To do,,tiered pricing setup guide,exact,customer-based tiered pricing layered on top (a topic covered in more depth in our tiered pricing setup guide),,Step 4: Decide how volume breaks interact with customer tiers,high,Explicit in-text reference to target post | subagent rematch
54,11,#11 Volume Discount Structures That Actually Protect Your Margin,https://buyience.com/blog/volume-discount-structures-that-actually-protect-your-margin,https://buyience.com/blog/how-fastener-distributors-can-stop-losing-margin-on-manual-quotes,#13 How Fastener Distributors Can Stop Losing Margin on Manual Quotes,stop losing margin on manual quotes,Cross-cluster bridge,Relevant body section,Medium,Connects related intent across clusters,To do,,margin erosion,exact,The gap between a well-designed discount structure on paper and what actually gets quoted to customers is where margin erosion tends to live,,Where this breaks down without a system behind it,high,Sensibly links to stop-losing-margin-on-manual-quotes | subagent rematch
55,12,#12 Tiered Pricing for Fastener & MRO Distributors: A Practical Setup Guide,https://buyience.com/blog/tiered-pricing-for-fastener-and-mro-distributors-a-practical-setup-guide,https://buyience.com/blog/how-b2b-teams-manage-customer-specific-pricing-at-scale,#23 How B2B Teams Manage Customer-Specific Pricing at Scale,customer-specific pricing at scale,Spoke → Pillar,First 150 words / intro,High,Pass authority to cluster pillar,To do,,customer-specific pricing,exact,"…ova Core handles this Nova Core's AI Quote Engine resolves customer-specific pricing, volume breaks, and contract pricing automatically at the l…",,How Nova Core handles this,high,Minimal swap of customer tiers → customer-specific pricing | Applied safe rewrite in MDX; now exact
56,12,#12 Tiered Pricing for Fastener & MRO Distributors: A Practical Setup Guide,https://buyience.com/blog/tiered-pricing-for-fastener-and-mro-distributors-a-practical-setup-guide,https://buyience.com/pricing-and-margin-control,/pricing-and-margin-control (product page),pricing and margin control,Blog → Money page,Before conclusion / CTA block,High,Converts blog traffic; lifts product page,To do,,Margin floors,exact,"Margin floors are enforced at the system level, with exceptions routed for approval rather than left to individual judgment",,How Nova Core handles this,high,Product-relevant money-page anchor | subagent rematch
57,12,#12 Tiered Pricing for Fastener & MRO Distributors: A Practical Setup Guide,https://buyience.com/blog/tiered-pricing-for-fastener-and-mro-distributors-a-practical-setup-guide,https://buyience.com/blog/how-fastener-distributors-can-stop-losing-margin-on-manual-quotes,#13 How Fastener Distributors Can Stop Losing Margin on Manual Quotes,margin leakage in manual quoting,Sibling (same cluster),Relevant body section,Medium,Topical depth within cluster,To do,,margin erodes,exact,"A 15% break chosen because it sounds competitive, without checking the floor, is how margin erodes",,Step 2: Build your volume break structure,medium,Best exact match for margin-leakage / manual-quotes sibling | subagent rematch
58,12,#12 Tiered Pricing for Fastener & MRO Distributors: A Practical Setup Guide,https://buyience.com/blog/tiered-pricing-for-fastener-and-mro-distributors-a-practical-setup-guide,https://buyience.com/blog/industrial-supply-distributors-moving-from-phone-email-orders-to-self-service,#8 Industrial Supply Distributors: Moving From Phone/Email Orders to Self-Service,B2B self-service ordering,Cross-cluster bridge,Relevant body section,Medium,Connects related intent across clusters,To do,,self-service ordering,rewrite,"Margin floors are enforced at the system level, with exceptions routed for approval rather than left to individual judgment.","Margin floors are enforced at the system level, with exceptions routed for approval rather than left to individual judgment — the same foundation that makes self-service ordering safe for industrial buyers.",How Nova Core handles this,medium,No self-service phrase in source; append only | subagent rematch
59,12,#12 Tiered Pricing for Fastener & MRO Distributors: A Practical Setup Guide,https://buyience.com/blog/tiered-pricing-for-fastener-and-mro-distributors-a-practical-setup-guide,https://buyience.com/blog/how-to-price-fasteners-and-mro-parts-for-repeat-b2b-buyers,#9 How to Price Fasteners and MRO Parts for Repeat B2B Buyers,pricing fasteners and MRO parts for repeat buyers,Cross-cluster bridge,Relevant body section,Medium,Lifts thin-inbound post to 3+ links,To do,,repeat B2B buyers,exact,"It assumes you're building or rebuilding a tiered pricing structure for a catalog with real complexity: thousands of SKUs, repeat B2B buyers, and margins where a percentage point matters.",,Intro,high,Direct fit for pricing fasteners/MRO for repeat buyers | subagent rematch
60,13,#13 How Fastener Distributors Can Stop Losing Margin on Manual Quotes,https://buyience.com/blog/how-fastener-distributors-can-stop-losing-margin-on-manual-quotes,https://buyience.com/blog/how-b2b-teams-manage-customer-specific-pricing-at-scale,#23 How B2B Teams Manage Customer-Specific Pricing at Scale,managing customer-specific pricing,Spoke → Pillar,First 150 words / intro,High,Pass authority to cluster pillar,To do,,Customer-specific rates,exact,"Customer-specific rates, volume breaks, and contract pricing should resolve automatically at the line level the moment a quote is built",,What a structured quoting process actually looks like,high, | subagent rematch
61,13,#13 How Fastener Distributors Can Stop Losing Margin on Manual Quotes,https://buyience.com/blog/how-fastener-distributors-can-stop-losing-margin-on-manual-quotes,https://buyience.com/pricing-and-margin-control,/pricing-and-margin-control (product page),pricing and margin control,Blog → Money page,Before conclusion / CTA block,High,Converts blog traffic; lifts product page,To do,,margin protection,exact,with margin protection built into every quote before it goes out,,What Buyience does for fastener and MRO distributors,high,Product-relevant money-page anchor | subagent rematch
62,13,#13 How Fastener Distributors Can Stop Losing Margin on Manual Quotes,https://buyience.com/blog/how-fastener-distributors-can-stop-losing-margin-on-manual-quotes,https://buyience.com/blog/how-to-price-fasteners-and-mro-parts-for-repeat-b2b-buyers,#9 How to Price Fasteners and MRO Parts for Repeat B2B Buyers,repeat-buyer pricing for MRO,Sibling (same cluster),Relevant body section,Medium,Topical depth within cluster,To do,,repeat buyers,exact,"high SKU count, tiered and volume pricing, repeat buyers, and margins thin enough that a percentage point matters",,Where the margin actually leaks,high, | subagent rematch
63,13,#13 How Fastener Distributors Can Stop Losing Margin on Manual Quotes,https://buyience.com/blog/how-fastener-distributors-can-stop-losing-margin-on-manual-quotes,https://buyience.com/blog/why-manual-b2b-quoting-is-costing-you-deals,#25 Why Manual B2B Quoting Is Costing You Deals,why manual B2B quoting costs deals,Cross-cluster bridge,Relevant body section,Medium,Connects related intent across clusters,To do,,Manual quoting,exact,"Manual quoting doesn't fail loudly. It fails in small, repeated ways that add up over a quarter",,Where the margin actually leaks,high, | subagent rematch
64,13,#13 How Fastener Distributors Can Stop Losing Margin on Manual Quotes,https://buyience.com/blog/how-fastener-distributors-can-stop-losing-margin-on-manual-quotes,https://buyience.com/blog/quote-turnaround-time-the-metric-fastener-distributors-ignore,#10 Quote Turnaround Time: The Metric Fastener Distributors Ignore,quote turnaround time,Cross-cluster bridge,Relevant body section,Medium,Lifts thin-inbound post to 3+ links,To do,,quote turnaround time,rewrite,It's the deals that go to whichever competitor answered first.,It's quote turnaround time — the deals go to whichever competitor answered first.,Where the margin actually leaks,medium,Natural insert; avoids mid-sentence mangling | subagent rematch
65,14,#14 How Distributors Can Automate Quote-to-Order Processes (2026 Playbook),https://buyience.com/blog/how-distributors-can-automate-quote-to-order-processes-2026-playbook,https://buyience.com/blog/digital-sales-room-dsr,#5 Digital Sales Room (DSR),digital sales room,Pillar → Spoke,Section covering this subtopic,High,Pillar distributes to every spoke,To do,,Digital Sales Room,exact,The Digital Sales Room replaces the email approval chain,,Buyience: Quote-to-Order Automation Built for How Distributors Actually Sell,high, | subagent rematch
66,14,#14 How Distributors Can Automate Quote-to-Order Processes (2026 Playbook),https://buyience.com/blog/how-distributors-can-automate-quote-to-order-processes-2026-playbook,https://buyience.com/blog/quote-turnaround-time-the-metric-fastener-distributors-ignore,#10 Quote Turnaround Time: The Metric Fastener Distributors Ignore,quote turnaround time,Pillar → Spoke,Section covering this subtopic,High,Pillar distributes to every spoke,To do,,quote turnaround,exact,One complex manufacturer saw quote turnaround fall from 5–7 business days to under 24 hours,,What End-to-End Quote-to-Order Automation Actually Looks Like,high,Exact contiguous phrase; no need to force 'time' | subagent rematch
67,14,#14 How Distributors Can Automate Quote-to-Order Processes (2026 Playbook),https://buyience.com/blog/how-distributors-can-automate-quote-to-order-processes-2026-playbook,https://buyience.com/blog/ai-quote-generation-in-b2b-what-is-real-vs-marketing,#16 AI Quote Generation in B2B — What's Real vs Marketing,AI quote generation: real vs marketing,Pillar → Spoke,Section covering this subtopic,High,Pillar distributes to every spoke,To do,,AI quote generation,exact,"…o your customers don't have to change how they buy. Today's AI quote generation reads _intent_ rather than rigid templates, which is why it…",,What End-to-End Quote-to-Order Automation Actually Looks Like,high,Keeps AI Quote Engine free for money-page link 72 | Applied safe rewrite in MDX; now exact
68,14,#14 How Distributors Can Automate Quote-to-Order Processes (2026 Playbook),https://buyience.com/blog/how-distributors-can-automate-quote-to-order-processes-2026-playbook,https://buyience.com/blog/the-real-cost-of-manual-quote-approvals-in-b2b,#24 The Real Cost of Manual Quote Approvals in B2B,cost of manual quote approvals,Pillar → Spoke,Section covering this subtopic,High,Pillar distributes to every spoke,To do,,email approval chain,exact,The Digital Sales Room replaces the email approval chain,,Buyience: Quote-to-Order Automation Built for How Distributors Actually Sell,high,Sensibly links to cost of manual quote approvals | subagent rematch
69,14,#14 How Distributors Can Automate Quote-to-Order Processes (2026 Playbook),https://buyience.com/blog/how-distributors-can-automate-quote-to-order-processes-2026-playbook,https://buyience.com/blog/why-manual-b2b-quoting-is-costing-you-deals,#25 Why Manual B2B Quoting Is Costing You Deals,why manual B2B quoting costs deals,Pillar → Spoke,Section covering this subtopic,High,Pillar distributes to every spoke,To do,,manual quote,exact,Every manual quote is a chance for a competitor to respond faster,,The Bottom Line for Distributors,high, | subagent rematch
70,14,#14 How Distributors Can Automate Quote-to-Order Processes (2026 Playbook),https://buyience.com/blog/how-distributors-can-automate-quote-to-order-processes-2026-playbook,https://buyience.com/blog/ai-quote-engine-for-b2b-commerce,#27 Quote in B2B & AI Quote Engine: How It Works,AI quote engine,Pillar → Spoke,Section covering this subtopic,High,Pillar distributes to every spoke,To do,,quoting bottleneck,exact,The AI Quote Engine ends the quoting bottleneck,,Buyience: Quote-to-Order Automation Built for How Distributors Actually Sell,medium,Unique from money-page 'AI Quote Engine'; topical for AI quote engine blog | subagent rematch
71,14,#14 How Distributors Can Automate Quote-to-Order Processes (2026 Playbook),https://buyience.com/blog/how-distributors-can-automate-quote-to-order-processes-2026-playbook,https://buyience.com/cpq-configurator,/cpq-configurator (product page),CPQ configurator,Blog → Money page,Before conclusion / CTA block,High,Converts blog traffic; lifts product page,To do,,configurable products,exact,"For configurable products, someone has to know which combinations are actually feasible",,Why the Quote-to-Order Process Is So Hard to Fix Manually,medium,Product-relevant for /cpq-configurator | subagent rematch
72,14,#14 How Distributors Can Automate Quote-to-Order Processes (2026 Playbook),https://buyience.com/blog/how-distributors-can-automate-quote-to-order-processes-2026-playbook,https://buyience.com/ai-quote-engine,/ai-quote-engine (product page),Buyience AI Quote Engine,Blog → Money page,Mid-article contextual mention,High,Pillar supports cluster's product page,To do,,AI Quote Engine,exact,"When a customer requests a price, Buyience's AI Quote Engine instantly analyzes their history, your margins, current market conditions",,The AI Quote Engine ends the quoting bottleneck,high,Money-page product name | subagent rematch
73,14,#14 How Distributors Can Automate Quote-to-Order Processes (2026 Playbook),https://buyience.com/blog/how-distributors-can-automate-quote-to-order-processes-2026-playbook,https://buyience.com/blog/how-b2b-teams-manage-customer-specific-pricing-at-scale,#23 How B2B Teams Manage Customer-Specific Pricing at Scale,managing customer-specific pricing,Cross-cluster bridge,Relevant body section,Medium,Connects related intent across clusters,To do,,contract-specific pricing,exact,Contract-specific pricing tiers have to be looked up,,Why the Quote-to-Order Process Is So Hard to Fix Manually,medium,Best exact stand-in for customer-specific pricing | subagent rematch
74,14,#14 How Distributors Can Automate Quote-to-Order Processes (2026 Playbook),https://buyience.com/blog/how-distributors-can-automate-quote-to-order-processes-2026-playbook,https://buyience.com/blog/net-30-60-90-terms-in-industrial-distribution-what-actually-works,#3 Net 30/60/90 Terms in Industrial Distribution: What Actually Works,net 30/60/90 payment terms,Cross-cluster bridge,Relevant body section,Medium,Connects related intent across clusters,To do,,Net 30/60/90 terms,exact,"…unter-offers, ask questions, and agree on terms — including Net 30/60/90 terms — in real time. Everything is logged in one place. This is…",,The Digital Sales Room replaces the email approval chain,high,No payment-terms phrase in source; minimal parenthetical insert | Applied safe rewrite in MDX; now exact
75,14,#14 How Distributors Can Automate Quote-to-Order Processes (2026 Playbook),https://buyience.com/blog/how-distributors-can-automate-quote-to-order-processes-2026-playbook,https://buyience.com/blog/managing-custom-and-bulk-orders-for-corporate-gift-programs,#4 Managing Custom and Bulk Orders for Corporate Gift Programs,managing custom and bulk gift orders,Cross-cluster bridge,Relevant body section,Medium,Lifts thin-inbound post to 3+ links,To do,,managing custom and bulk orders,rewrite,No wonder this process can take days or weeks in complex environments.,No wonder this process can take days or weeks in complex environments — the same friction shows up when managing custom and bulk orders.,Why the Quote-to-Order Process Is So Hard to Fix Manually,low,Cross-cluster bridge; no gifting content in source | subagent rematch
76,15,#15 Why Manufacturers Need a Modern B2B Ecommerce Platform in 2026,https://buyience.com/blog/why-manufacturers-need-a-modern-b2b-ecommerce-platform-in-2026,https://buyience.com/blog/what-is-b2b-ecommerce-a-complete-guide,"#29 B2B E-commerce: What It Is, Why It Matters, and How Modern Platforms Support It",B2B e-commerce guide,Spoke → Pillar,First 150 words / intro,High,Pass authority to cluster pillar,To do,,B2B ecommerce,exact,"This article breaks down exactly why B2B ecommerce for manufacturers has shifted from ""nice to have"" to ""non-negotiable""",,Intro,high, | subagent rematch
77,15,#15 Why Manufacturers Need a Modern B2B Ecommerce Platform in 2026,https://buyience.com/blog/why-manufacturers-need-a-modern-b2b-ecommerce-platform-in-2026,https://buyience.com/nova-core,/nova-core (product page),NOVA Core B2B commerce platform,Blog → Money page,Before conclusion / CTA block,High,Converts blog traffic; lifts product page,To do,,Nova Core,exact,"…doesn't require a 12-month project to get there. Buyience Nova Core is an AI-powered B2B sales platform that brings quoting, ne…",,Enter Buyience: Modern B2B Ecommerce Built for Manufacturers,high,Money-page product name; source only says Buyience | Applied safe rewrite in MDX; now exact
78,15,#15 Why Manufacturers Need a Modern B2B Ecommerce Platform in 2026,https://buyience.com/blog/why-manufacturers-need-a-modern-b2b-ecommerce-platform-in-2026,https://buyience.com/blog/the-universal-commerce-protocol-is-here.-most-b2b-platforms-aren-t-ready-for-it,#18 The Universal Commerce Protocol Is Here. Most B2B Platforms Aren't Ready for It,agent-ready B2B commerce,Sibling (same cluster),Relevant body section,Medium,Topical depth within cluster,To do,,Universal Commerce Protocol,rewrite,"That means your content and pricing need to be clear and extractable, or you simply won't surface in the research phase where shortlists form.",That means your content and pricing need to be clear and extractable — including for agent protocols like the Universal Commerce Protocol — or you simply won't surface in the research phase where shortlists form.,AI Is Now Part of the Buying Decision Itself,medium,Natural fit beside extractable/agent research context | subagent rematch
79,15,#15 Why Manufacturers Need a Modern B2B Ecommerce Platform in 2026,https://buyience.com/blog/why-manufacturers-need-a-modern-b2b-ecommerce-platform-in-2026,https://buyience.com/blog/b2b-reordering-is-broken-and-why-that-matters,#22 B2B Reordering Is Broken — and Why That Matters,B2B reordering,Cross-cluster bridge,Relevant body section,Medium,Connects related intent across clusters,To do,,One-click reordering,exact,"One-click reordering for repeat purchases, which drive the majority of B2B revenue",,"They expect their prices, their availability, their terms — instantly",high, | subagent rematch
80,15,#15 Why Manufacturers Need a Modern B2B Ecommerce Platform in 2026,https://buyience.com/blog/why-manufacturers-need-a-modern-b2b-ecommerce-platform-in-2026,https://buyience.com/blog/what-is-buyience-a-mordern-b2b-commerce-platform,#32 What Is Buyience? A Modern API-Driven B2B Commerce Platform Built for Operational Scale,what Buyience is,Cross-cluster bridge,Relevant body section,Medium,Lifts thin-inbound post to 3+ links,To do,,Buyience,exact,This is exactly the gap Buyience was built to close.,,Enter Buyience: Modern B2B Ecommerce Built for Manufacturers,high,Unique from Nova Core (link 77) | subagent rematch
81,15,#15 Why Manufacturers Need a Modern B2B Ecommerce Platform in 2026,https://buyience.com/blog/why-manufacturers-need-a-modern-b2b-ecommerce-platform-in-2026,https://buyience.com/blog/why-corporate-gifting-companies-outgrow-shopify-and-what-to-use-instead,#6 Why Corporate Gifting Companies Outgrow Shopify (and What to Use Instead),why gifting companies outgrow Shopify,Cross-cluster bridge,Relevant body section,Medium,Lifts thin-inbound post to 3+ links,To do,,outgrow Shopify,rewrite,who've outgrown spreadsheets but don't want to buy complicated enterprise software that takes months to stand up.,"who've outgrown spreadsheets — and, like brands that outgrow Shopify, need B2B-native tooling — but don't want to buy complicated enterprise software that takes months to stand up.",The Objection You're Really Wrestling With,low,Cross-cluster; no Shopify in source | subagent rematch
82,16,#16 AI Quote Generation in B2B — What's Real vs Marketing,https://buyience.com/blog/ai-quote-generation-in-b2b-what-is-real-vs-marketing,https://buyience.com/blog/how-distributors-can-automate-quote-to-order-processes-2026-playbook,#14 How Distributors Can Automate Quote-to-Order Processes (2026 Playbook),automate the quote-to-order process,Spoke → Pillar,First 150 words / intro,High,Pass authority to cluster pillar,To do,,quote-to-order process,exact,"…l: speed, accuracy, and commercial defensibility across the quote-to-order process. The marketing narrative from most vendors describes Level…",,The Three Levels of AI Quoting Maturity,high,Applied safe rewrite in MDX; now exact
83,16,#16 AI Quote Generation in B2B — What's Real vs Marketing,https://buyience.com/blog/ai-quote-generation-in-b2b-what-is-real-vs-marketing,https://buyience.com/ai-quote-engine,/ai-quote-engine (product page),Buyience AI Quote Engine,Blog → Money page,Before conclusion / CTA block,High,Converts blog traffic; lifts product page,To do,,AI quoting engine,exact,"Nova Core's AI quoting engine, for example, doesn't query external systems for pricing, inventory, or customer terms",,Where This Connects to Platform Architecture,high,Money-page product-relevant phrase | subagent rematch
84,16,#16 AI Quote Generation in B2B — What's Real vs Marketing,https://buyience.com/blog/ai-quote-generation-in-b2b-what-is-real-vs-marketing,https://buyience.com/blog/the-real-cost-of-manual-quote-approvals-in-b2b,#24 The Real Cost of Manual Quote Approvals in B2B,quote approval bottlenecks,Sibling (same cluster),Relevant body section,Medium,Topical depth within cluster,To do,,manual quote approvals,exact,"…low automation** — AI-powered routing — cutting the cost of manual quote approvals by determining which approval path a quote should follow, p…",,What AI Actually Does in B2B Quoting Today,high,Minimal insert before existing approval-path clause | Applied safe rewrite in MDX; now exact
85,16,#16 AI Quote Generation in B2B — What's Real vs Marketing,https://buyience.com/blog/ai-quote-generation-in-b2b-what-is-real-vs-marketing,https://buyience.com/blog/how-b2b-teams-manage-customer-specific-pricing-at-scale,#23 How B2B Teams Manage Customer-Specific Pricing at Scale,customer-specific pricing at scale,Cross-cluster bridge,Relevant body section,Medium,Connects related intent across clusters,To do,,customer-specific pricing,exact,"For customer-specific pricing, the question is sharper: when a contract is renegotiated, how quickly does the new rate appear in the quoting system?",,What to Actually Evaluate When Buying AI Quoting Software,high, | subagent rematch
86,16,#16 AI Quote Generation in B2B — What's Real vs Marketing,https://buyience.com/blog/ai-quote-generation-in-b2b-what-is-real-vs-marketing,https://buyience.com/blog/why-most-b2b-erp-integrations-fail,#19 Why Most B2B ERP Integrations Fail,why B2B ERP integrations fail,Cross-cluster bridge,Relevant body section,Medium,Connects related intent across clusters,To do,,ERP integrations,exact,"…rent teams, and connected through manual processes, fragile ERP integrations, or nightly batch syncs. The product catalog is in the PIM…",,The Data Problem Nobody Wants to Talk About,high,Natural insert beside sync/integration failure context | Applied safe rewrite in MDX; now exact
87,16,#16 AI Quote Generation in B2B — What's Real vs Marketing,https://buyience.com/blog/ai-quote-generation-in-b2b-what-is-real-vs-marketing,https://buyience.com/blog/the-universal-commerce-protocol-is-here.-most-b2b-platforms-aren-t-ready-for-it,#18 The Universal Commerce Protocol Is Here. Most B2B Platforms Aren't Ready for It,agent-ready B2B commerce,Cross-cluster bridge,Relevant body section,Medium,Lifts thin-inbound post to 3+ links,To do,,Universal Commerce Protocol,rewrite,"These data domains are native to the platform — API-addressable, real-time, and structured.","These data domains are native to the platform — API-addressable (including for standards like the Universal Commerce Protocol), real-time, and structured.",Where This Connects to Platform Architecture,medium,Stronger than weak exact 'API-addressable' alone | subagent rematch
88,17,#17 Composable Commerce for B2B — A Decision Guide,https://buyience.com/blog/composable-commerce-for-b2b-a-decision-guide,https://buyience.com/blog/what-is-mach-architecture-a-complete-guide,#31 What Is MACH Architecture? A Complete Guide for Modern B2B Commerce,MACH architecture,Spoke → Pillar,First 150 words / intro,High,Pass authority to cluster pillar,To do,,MACH principles,exact,"The MACH principles behind this shift — microservices, API-first, cloud-native, headless — are sound.",,The Promise and the Gap,high, | subagent rematch
89,17,#17 Composable Commerce for B2B — A Decision Guide,https://buyience.com/blog/composable-commerce-for-b2b-a-decision-guide,https://buyience.com/platform-overview,/platform-overview (product page),Buyience platform overview,Blog → Money page,Before conclusion / CTA block,High,Converts blog traffic; lifts product page,To do,,Nova Core,exact,"Nova Core's architecture reflects this approach: API-addressable pricing, real-time multi-warehouse inventory, customer-specific terms, and workflow-based approvals operate within a unified data layer.",,Where This Connects to Platform Architecture,high, | subagent rematch
90,17,#17 Composable Commerce for B2B — A Decision Guide,https://buyience.com/blog/composable-commerce-for-b2b-a-decision-guide,https://buyience.com/blog/the-real-cost-of-headless-commerce-for-b2b-companies,#20 The Real Cost of Headless Commerce for B2B Companies,headless commerce costs for B2B,Sibling (same cluster),Relevant body section,Medium,Topical depth within cluster,To do,,headless commerce,exact,How is composable commerce different from headless commerce?,,Frequently Asked Questions,high, | subagent rematch
91,17,#17 Composable Commerce for B2B — A Decision Guide,https://buyience.com/blog/composable-commerce-for-b2b-a-decision-guide,https://buyience.com/blog/erp-first-vs-commerce-first-architecture-in-b2b-what-actually-works,#21 ERP-First vs Commerce-First Architecture in B2B — What Actually Works,ERP-first vs commerce-first architecture,Cross-cluster bridge,Relevant body section,Medium,Connects related intent across clusters,To do,,ERP-first or commerce-first,rewrite,"Before selecting a composable stack, B2B teams need to evaluate the architecture against the workflows it's supposed to support — not just the services it can deploy.",Before selecting a composable stack — and before defaulting to ERP-first or commerce-first — B2B teams need to evaluate the architecture against the workflows it's supposed to support — not just the services it can deploy.,The Decision Framework,medium, | subagent rematch
92,18,#18 The Universal Commerce Protocol Is Here. Most B2B Platforms Aren't Ready for It,https://buyience.com/blog/the-universal-commerce-protocol-is-here.-most-b2b-platforms-aren-t-ready-for-it,https://buyience.com/blog/what-is-b2b-ecommerce-a-complete-guide,"#29 B2B E-commerce: What It Is, Why It Matters, and How Modern Platforms Support It",what B2B e-commerce is,Spoke → Pillar,First 150 words / intro,High,Pass authority to cluster pillar,To do,,B2B commerce,exact,B2B commerce doesn't work that way.,,The B2B Readiness Problem,high, | subagent rematch
93,18,#18 The Universal Commerce Protocol Is Here. Most B2B Platforms Aren't Ready for It,https://buyience.com/blog/the-universal-commerce-protocol-is-here.-most-b2b-platforms-aren-t-ready-for-it,https://buyience.com/platform-overview,/platform-overview (product page),Buyience platform overview,Blog → Money page,Before conclusion / CTA block,High,Converts blog traffic; lifts product page,To do,,Nova Core,exact,Buyience's Nova Core was built on these principles,,What This Means for Operators,high, | subagent rematch
94,18,#18 The Universal Commerce Protocol Is Here. Most B2B Platforms Aren't Ready for It,https://buyience.com/blog/the-universal-commerce-protocol-is-here.-most-b2b-platforms-aren-t-ready-for-it,https://buyience.com/blog/why-most-b2b-erp-integrations-fail,#19 Why Most B2B ERP Integrations Fail,ERP integration pitfalls,Sibling (same cluster),Relevant body section,Medium,Topical depth within cluster,To do,,ERP integrations fail,rewrite,Pricing logic locked inside ERPs — Many B2B operators run pricing through their ERP,"ERP integrations fail when pricing logic is locked inside ERPs — Many B2B operators run pricing through their ERP, which was designed for internal operations, not real-time external queries.",Where B2B Platforms Typically Fall Short,medium, | subagent rematch
95,18,#18 The Universal Commerce Protocol Is Here. Most B2B Platforms Aren't Ready for It,https://buyience.com/blog/the-universal-commerce-protocol-is-here.-most-b2b-platforms-aren-t-ready-for-it,https://buyience.com/blog/ai-quote-generation-in-b2b-what-is-real-vs-marketing,#16 AI Quote Generation in B2B — What's Real vs Marketing,AI quote generation: real vs marketing,Cross-cluster bridge,Relevant body section,Medium,Connects related intent across clusters,To do,,AI-assisted quoting,exact,"AI-assisted quoting that operates as a workflow, not a document generator",,Buyience's Nova Core principles,high, | subagent rematch
96,18,#18 The Universal Commerce Protocol Is Here. Most B2B Platforms Aren't Ready for It,https://buyience.com/blog/the-universal-commerce-protocol-is-here.-most-b2b-platforms-aren-t-ready-for-it,https://buyience.com/blog/what-is-mach-architecture-a-complete-guide,#31 What Is MACH Architecture? A Complete Guide for Modern B2B Commerce,MACH architecture,Cross-cluster bridge,Relevant body section,Medium,Connects related intent across clusters,To do,,MACH architecture,exact,"This is why MACH architecture — Microservices, API-First, Cloud-Native, Headless — isn't just a technical preference",,What This Means for Operators,high, | subagent rematch
97,19,#19 Why Most B2B ERP Integrations Fail,https://buyience.com/blog/why-most-b2b-erp-integrations-fail,https://buyience.com/blog/what-is-b2b-ecommerce-a-complete-guide,"#29 B2B E-commerce: What It Is, Why It Matters, and How Modern Platforms Support It",B2B e-commerce guide,Spoke → Pillar,First 150 words / intro,High,Pass authority to cluster pillar,To do,,B2B ecommerce,exact,…cing - Customer data #### So everything connects to it: - B2B ecommerce platforms - CRM systems - Pricing engines This creates a r…,,Why ERP Integrations Are So Critical in B2B,high,Applied safe rewrite in MDX; now exact
98,19,#19 Why Most B2B ERP Integrations Fail,https://buyience.com/blog/why-most-b2b-erp-integrations-fail,https://buyience.com/integrations,/integrations (product page),ERP and ecommerce integrations,Blog → Money page,Before conclusion / CTA block,High,Converts blog traffic; lifts product page,To do,,ERP integrations,exact,ERP integrations don’t fail because of tools. They fail because: Scope is unclear,,Conclusion,high, | subagent rematch
99,19,#19 Why Most B2B ERP Integrations Fail,https://buyience.com/blog/why-most-b2b-erp-integrations-fail,https://buyience.com/blog/erp-first-vs-commerce-first-architecture-in-b2b-what-actually-works,#21 ERP-First vs Commerce-First Architecture in B2B — What Actually Works,choosing ERP-first or commerce-first,Sibling (same cluster),Relevant body section,Medium,Topical depth within cluster,To do,,ERP-first versus commerce-first,rewrite,"We help B2B teams define architecture, map workflows, and design scalable integration strategies—before development begins.","We help B2B teams define ERP-first versus commerce-first architecture, map workflows, and design scalable integration strategies—before development begins.","Start with Scope, Not Integration",medium, | subagent rematch
100,19,#19 Why Most B2B ERP Integrations Fail,https://buyience.com/blog/why-most-b2b-erp-integrations-fail,https://buyience.com/blog/composable-commerce-for-b2b-a-decision-guide,#17 Composable Commerce for B2B — A Decision Guide,composable commerce decision guide,Cross-cluster bridge,Relevant body section,Medium,Connects related intent across clusters,To do,,composable commerce,rewrite,Wrong approach: Start with integration. Right approach: Start with architecture,Wrong approach: Start with integration. Right approach: Start with composable commerce architecture,The Bigger Shift,medium, | subagent rematch
101,20,#20 The Real Cost of Headless Commerce for B2B Companies,https://buyience.com/blog/the-real-cost-of-headless-commerce-for-b2b-companies,https://buyience.com/blog/what-is-mach-architecture-a-complete-guide,#31 What Is MACH Architecture? A Complete Guide for Modern B2B Commerce,what MACH architecture is,Spoke → Pillar,First 150 words / intro,High,Pass authority to cluster pillar,To do,,MACH architecture,rewrite,"We help B2B teams evaluate their headless architecture, identify workflow gaps, and design systems that scale without unnecessary complexity.","We help B2B teams evaluate their MACH architecture alongside headless choices, identify workflow gaps, and design systems that scale without unnecessary complexity.",Evaluate Your Headless Architecture,medium, | subagent rematch
102,20,#20 The Real Cost of Headless Commerce for B2B Companies,https://buyience.com/blog/the-real-cost-of-headless-commerce-for-b2b-companies,https://buyience.com/platform-overview,/platform-overview (product page),Buyience platform overview,Blog → Money page,Before conclusion / CTA block,High,Converts blog traffic; lifts product page,To do,,Nova Core,rewrite,"We help B2B teams evaluate their headless architecture, identify workflow gaps, and design systems that scale without unnecessary complexity.","We help B2B teams evaluate their headless architecture, identify workflow gaps, and design systems with Nova Core that scale without unnecessary complexity.",Evaluate Your Headless Architecture,medium, | subagent rematch
103,20,#20 The Real Cost of Headless Commerce for B2B Companies,https://buyience.com/blog/the-real-cost-of-headless-commerce-for-b2b-companies,https://buyience.com/blog/mach-architecture-for-modern-b2b-commerce,#26 How MACH Architecture Enables Modern B2B Commerce,MACH benefits for B2B,Sibling (same cluster),Relevant body section,Medium,Topical depth within cluster,To do,,Composable architecture,exact,Most teams focus on: Composable architecture and best-of-breed tools.,,The Bigger Shift: From Composable to Orchestrated Systems,medium, | subagent rematch
104,20,#20 The Real Cost of Headless Commerce for B2B Companies,https://buyience.com/blog/the-real-cost-of-headless-commerce-for-b2b-companies,https://buyience.com/blog/why-most-b2b-erp-integrations-fail,#19 Why Most B2B ERP Integrations Fail,ERP integration pitfalls,Cross-cluster bridge,Relevant body section,Medium,Connects related intent across clusters,To do,,Integration failures,exact,Hidden costs include: - Integration failures and rework,,FAQs,medium, | subagent rematch
105,21,#21 ERP-First vs Commerce-First Architecture in B2B — What Actually Works,https://buyience.com/blog/erp-first-vs-commerce-first-architecture-in-b2b-what-actually-works,https://buyience.com/blog/what-is-b2b-ecommerce-a-complete-guide,"#29 B2B E-commerce: What It Is, Why It Matters, and How Modern Platforms Support It",what B2B e-commerce is,Spoke → Pillar,First 150 words / intro,High,Pass authority to cluster pillar,To do,,B2B ecommerce,exact,What is the best architecture for B2B ecommerce?,,FAQs,high, | subagent rematch
106,21,#21 ERP-First vs Commerce-First Architecture in B2B — What Actually Works,https://buyience.com/blog/erp-first-vs-commerce-first-architecture-in-b2b-what-actually-works,https://buyience.com/integrations,/integrations (product page),ERP and ecommerce integrations,Blog → Money page,Before conclusion / CTA block,High,Converts blog traffic; lifts product page,To do,,ERP ecommerce integration,exact,What is ERP ecommerce integration in B2B?,,FAQs,high, | subagent rematch
107,21,#21 ERP-First vs Commerce-First Architecture in B2B — What Actually Works,https://buyience.com/blog/erp-first-vs-commerce-first-architecture-in-b2b-what-actually-works,https://buyience.com/blog/what-is-buyience-a-mordern-b2b-commerce-platform,#32 What Is Buyience? A Modern API-Driven B2B Commerce Platform Built for Operational Scale,Buyience B2B commerce platform,Sibling (same cluster),Relevant body section,Medium,Topical depth within cluster,To do,,Buyience,rewrite,That’s how modern B2B systems scale.,That’s how Buyience helps modern B2B systems scale.,Conclusion,medium, | subagent rematch
108,21,#21 ERP-First vs Commerce-First Architecture in B2B — What Actually Works,https://buyience.com/blog/erp-first-vs-commerce-first-architecture-in-b2b-what-actually-works,https://buyience.com/blog/what-is-mach-architecture-a-complete-guide,#31 What Is MACH Architecture? A Complete Guide for Modern B2B Commerce,what MACH architecture is,Cross-cluster bridge,Relevant body section,Medium,Connects related intent across clusters,To do,,MACH architecture,rewrite,A scalable B2B architecture distributes responsibilities across systems instead of centralizing them in one platform.,A scalable MACH architecture for B2B distributes responsibilities across systems instead of centralizing them in one platform.,What Actually Works: Distributed Architecture,medium, | subagent rematch
109,21,#21 ERP-First vs Commerce-First Architecture in B2B — What Actually Works,https://buyience.com/blog/erp-first-vs-commerce-first-architecture-in-b2b-what-actually-works,https://buyience.com/blog/b2b-commerce-and-headless-architecture,"#28 B2B Commerce and Headless Architecture: What Headless Solves, What It Doesn't, and When It Matters",headless architecture for B2B commerce,Cross-cluster bridge,Relevant body section,Medium,Connects related intent across clusters,To do,,headless architecture,rewrite,Most B2B companies frame architecture decisions like this: Should ERP control everything? Or should ecommerce lead the experience?,Most B2B companies frame headless architecture decisions like this: Should ERP control everything? Or should ecommerce lead the experience?,Introduction,medium, | subagent rematch
110,21,#21 ERP-First vs Commerce-First Architecture in B2B — What Actually Works,https://buyience.com/blog/erp-first-vs-commerce-first-architecture-in-b2b-what-actually-works,https://buyience.com/blog/the-universal-commerce-protocol-is-here.-most-b2b-platforms-aren-t-ready-for-it,#18 The Universal Commerce Protocol Is Here. Most B2B Platforms Aren't Ready for It,Universal Commerce Protocol,Cross-cluster bridge,Relevant body section,Medium,Lifts thin-inbound post to 3+ links,To do,,Universal Commerce Protocol,rewrite,Workflows should drive architecture—not systems.,Workflows should drive architecture—not systems—especially as standards like the Universal Commerce Protocol emerge.,The Bigger Shift,medium, | subagent rematch
111,21,#21 ERP-First vs Commerce-First Architecture in B2B — What Actually Works,https://buyience.com/blog/erp-first-vs-commerce-first-architecture-in-b2b-what-actually-works,https://buyience.com/blog/the-real-cost-of-headless-commerce-for-b2b-companies,#20 The Real Cost of Headless Commerce for B2B Companies,real cost of headless commerce,Cross-cluster bridge,Relevant body section,Medium,Lifts thin-inbound post to 3+ links,To do,,real cost of headless,rewrite,The Hidden Cost of Choosing the Wrong Architecture.,The Hidden Cost of Choosing the Wrong Architecture often mirrors the real cost of headless.,The Hidden Cost of Choosing the Wrong Architecture,medium, | subagent rematch
112,22,#22 B2B Reordering Is Broken — and Why That Matters,https://buyience.com/blog/b2b-reordering-is-broken-and-why-that-matters,https://buyience.com/blog/industrial-supply-distributors-moving-from-phone-email-orders-to-self-service,#8 Industrial Supply Distributors: Moving From Phone/Email Orders to Self-Service,moving from phone/email orders to self-service,Spoke → Pillar,First 150 words / intro,High,Pass authority to cluster pillar,To do,,self-service ordering,exact,Enabling self-service ordering,,FAQs,high, | subagent rematch
113,22,#22 B2B Reordering Is Broken — and Why That Matters,https://buyience.com/blog/b2b-reordering-is-broken-and-why-that-matters,https://buyience.com/order-management,/order-management (product page),B2B order management,Blog → Money page,Before conclusion / CTA block,High,Converts blog traffic; lifts product page,To do,,order management,exact,…em is already costing you. **Start by mapping your current order management and reorder workflow—and identifying where friction exists.…,,Evaluate Your Reordering Workflow,high,Applied safe rewrite in MDX; now exact
114,22,#22 B2B Reordering Is Broken — and Why That Matters,https://buyience.com/blog/b2b-reordering-is-broken-and-why-that-matters,https://buyience.com/blog/multi-warehouse-inventory-for-industrial-suppliers-a-practical-guide,#2 Multi-Warehouse Inventory for Industrial Suppliers: A Practical Guide,managing stock across multiple warehouses,Sibling (same cluster),Relevant body section,Medium,Topical depth within cluster,To do,,multi-warehouse inventory,rewrite,What You Actually Need - A reorder system independent of the storefront - Fast access to order history - Real-time pricing integration - Minimal ERP dependency,What You Actually Need - A reorder system independent of the storefront - Fast access to order history - Real-time pricing integration - Multi-warehouse inventory with minimal ERP dependency,Reordering Is Not Just UX,medium, | subagent rematch
115,22,#22 B2B Reordering Is Broken — and Why That Matters,https://buyience.com/blog/b2b-reordering-is-broken-and-why-that-matters,https://buyience.com/blog/why-manufacturers-need-a-modern-b2b-ecommerce-platform-in-2026,#15 Why Manufacturers Need a Modern B2B Ecommerce Platform in 2026,modern B2B ecommerce platform for manufacturers,Cross-cluster bridge,Relevant body section,Medium,Connects related intent across clusters,To do,,B2B ecommerce,exact,Why is reordering important in B2B ecommerce?,,FAQs,medium, | subagent rematch
116,23,#23 How B2B Teams Manage Customer-Specific Pricing at Scale,https://buyience.com/blog/how-b2b-teams-manage-customer-specific-pricing-at-scale,https://buyience.com/blog/how-to-price-fasteners-and-mro-parts-for-repeat-b2b-buyers,#9 How to Price Fasteners and MRO Parts for Repeat B2B Buyers,pricing fasteners and MRO parts for repeat buyers,Pillar → Spoke,Section covering this subtopic,High,Pillar distributes to every spoke,To do,,pricing for repeat buyers,exact,"…ustomer-specific pricing is not optional in B2B, especially pricing for repeat buyers. **Common Pricing Structures in B2B** - Contract pricing…",,Why Customer-Specific Pricing Gets Out of Control,high,Applied safe rewrite in MDX; now exact
117,23,#23 How B2B Teams Manage Customer-Specific Pricing at Scale,https://buyience.com/blog/how-b2b-teams-manage-customer-specific-pricing-at-scale,https://buyience.com/blog/volume-discount-structures-that-actually-protect-your-margin,#11 Volume Discount Structures That Actually Protect Your Margin,volume discount structures,Pillar → Spoke,Section covering this subtopic,High,Pillar distributes to every spoke,To do,,Volume-based discounts,exact,Volume-based discounts,,Why Customer-Specific Pricing Gets Out of Control,high, | subagent rematch
118,23,#23 How B2B Teams Manage Customer-Specific Pricing at Scale,https://buyience.com/blog/how-b2b-teams-manage-customer-specific-pricing-at-scale,https://buyience.com/blog/tiered-pricing-for-fastener-and-mro-distributors-a-practical-setup-guide,#12 Tiered Pricing for Fastener & MRO Distributors: A Practical Setup Guide,tiered pricing for fastener and MRO distributors,Pillar → Spoke,Section covering this subtopic,High,Pillar distributes to every spoke,To do,,Tiered discounts,exact,Tiered discounts,,What B2B Pricing Software Solves,high, | subagent rematch
119,23,#23 How B2B Teams Manage Customer-Specific Pricing at Scale,https://buyience.com/blog/how-b2b-teams-manage-customer-specific-pricing-at-scale,https://buyience.com/blog/how-fastener-distributors-can-stop-losing-margin-on-manual-quotes,#13 How Fastener Distributors Can Stop Losing Margin on Manual Quotes,stop losing margin on manual quotes,Pillar → Spoke,Section covering this subtopic,High,Pillar distributes to every spoke,To do,,Margin leakage,exact,Margin leakage,,Why Customer-Specific Pricing Gets Out of Control,high, | subagent rematch
120,23,#23 How B2B Teams Manage Customer-Specific Pricing at Scale,https://buyience.com/blog/how-b2b-teams-manage-customer-specific-pricing-at-scale,https://buyience.com/pricing-and-margin-control,/pricing-and-margin-control (product page),pricing and margin control,Blog → Money page,Before conclusion / CTA block,High,Converts blog traffic; lifts product page,To do,,B2B pricing software,exact,Key benefits of B2B pricing software include,,Benefits of B2B Pricing Software,high, | subagent rematch
121,23,#23 How B2B Teams Manage Customer-Specific Pricing at Scale,https://buyience.com/blog/how-b2b-teams-manage-customer-specific-pricing-at-scale,https://buyience.com/blog/how-distributors-can-automate-quote-to-order-processes-2026-playbook,#14 How Distributors Can Automate Quote-to-Order Processes (2026 Playbook),automate the quote-to-order process,Cross-cluster bridge,Relevant body section,Medium,Connects related intent across clusters,To do,,quote-to-order,exact,…storefront—and inside a dedicated system that also supports quote-to-order.** ## Evaluate Your Pricing Architecture If your pricing l…,,Conclusion,high,Applied safe rewrite in MDX; now exact
122,24,#24 The Real Cost of Manual Quote Approvals in B2B,https://buyience.com/blog/the-real-cost-of-manual-quote-approvals-in-b2b,https://buyience.com/blog/how-distributors-can-automate-quote-to-order-processes-2026-playbook,#14 How Distributors Can Automate Quote-to-Order Processes (2026 Playbook),quote-to-order automation playbook,Spoke → Pillar,First 150 words / intro,High,Pass authority to cluster pillar,To do,,quote-to-order,exact,"…roval workflow software embeds validation directly into the quote-to-order engine. If configuration violates logic, it never reaches…",,Cost #4,high,Applied safe rewrite in MDX; now exact
123,24,#24 The Real Cost of Manual Quote Approvals in B2B,https://buyience.com/blog/the-real-cost-of-manual-quote-approvals-in-b2b,https://buyience.com/digital-sales-room,/digital-sales-room (product page),Buyience Digital Sales Room,Blog → Money page,Before conclusion / CTA block,High,Converts blog traffic; lifts product page,To do,,digital sales room,rewrite,Modern B2B quote approval automation eliminates unnecessary waiting by:,A digital sales room with modern B2B quote approval automation eliminates unnecessary waiting by: - Auto-approving deals within margin guardrails - Triggering escalation only when thresholds are exceeded,Cost #1,medium, | subagent rematch
124,24,#24 The Real Cost of Manual Quote Approvals in B2B,https://buyience.com/blog/the-real-cost-of-manual-quote-approvals-in-b2b,https://buyience.com/blog/why-manual-b2b-quoting-is-costing-you-deals,#25 Why Manual B2B Quoting Is Costing You Deals,manual quoting problems,Sibling (same cluster),Relevant body section,Medium,Topical depth within cluster,To do,,manual approvals,exact,"In practical terms, manual approvals introduce:",,Cost #1,high, | subagent rematch
125,24,#24 The Real Cost of Manual Quote Approvals in B2B,https://buyience.com/blog/the-real-cost-of-manual-quote-approvals-in-b2b,https://buyience.com/blog/volume-discount-structures-that-actually-protect-your-margin,#11 Volume Discount Structures That Actually Protect Your Margin,volume discount structures,Cross-cluster bridge,Relevant body section,Medium,Connects related intent across clusters,To do,,Tiered pricing models,exact,Tiered pricing models,,When Manual Approvals May Still Be Appropriate,medium, | subagent rematch
126,25,#25 Why Manual B2B Quoting Is Costing You Deals,https://buyience.com/blog/why-manual-b2b-quoting-is-costing-you-deals,https://buyience.com/blog/how-distributors-can-automate-quote-to-order-processes-2026-playbook,#14 How Distributors Can Automate Quote-to-Order Processes (2026 Playbook),automate the quote-to-order process,Spoke → Pillar,First 150 words / intro,High,Pass authority to cluster pillar,To do,,quote-to-order workflows,exact,"…he attention, but it’s the least interesting cost of broken quote-to-order workflows. The real damage compounds quietly across revenue, margin,…",,The Hidden Cost of Manual Quoting (Beyond Time),high,No quote-to-order phrase in source; intro-adjacent workflow rewrite | Applied safe rewrite in MDX; now exact
127,25,#25 Why Manual B2B Quoting Is Costing You Deals,https://buyience.com/blog/why-manual-b2b-quoting-is-costing-you-deals,https://buyience.com/ai-quote-engine,/ai-quote-engine (product page),Buyience AI Quote Engine,Blog → Money page,Before conclusion / CTA block,High,Converts blog traffic; lifts product page,To do,,AI Quote Engine,rewrite,You have a quoting workflow problem.,You have a quoting workflow problem an AI Quote Engine is built to fix.,Is Your Team Showing the Signs?,medium,Money page; product phrase introduced near pre-CTA diagnosis | subagent rematch
128,25,#25 Why Manual B2B Quoting Is Costing You Deals,https://buyience.com/blog/why-manual-b2b-quoting-is-costing-you-deals,https://buyience.com/blog/ai-quote-engine-for-b2b-commerce,#27 Quote in B2B & AI Quote Engine: How It Works,how an AI quote engine works,Sibling (same cluster),Relevant body section,Medium,Topical depth within cluster,To do,,B2B quoting software,exact,Manual quoting optimizes the last step. Effective B2B quoting software optimizes every decision upstream.,,Why Most Teams Misdiagnose the Problem,medium,Sibling AI-quote post; distinct from money-page AI Quote Engine | subagent rematch
129,25,#25 Why Manual B2B Quoting Is Costing You Deals,https://buyience.com/blog/why-manual-b2b-quoting-is-costing-you-deals,https://buyience.com/blog/how-fastener-distributors-can-stop-losing-margin-on-manual-quotes,#13 How Fastener Distributors Can Stop Losing Margin on Manual Quotes,stop losing margin on manual quotes,Cross-cluster bridge,Relevant body section,Medium,Connects related intent across clusters,To do,,margin erosion,exact,"Managers approve them to keep deals moving. Finance discovers margin erosion later, when it’s too late to intervene.",,The Hidden Cost of Manual Quoting (Beyond Time),high,Best exact fit for fastener margin/manual-quotes target | subagent rematch
130,25,#25 Why Manual B2B Quoting Is Costing You Deals,https://buyience.com/blog/why-manual-b2b-quoting-is-costing-you-deals,https://buyience.com/blog/digital-sales-room-dsr,#5 Digital Sales Room (DSR),digital sales room,Cross-cluster bridge,Relevant body section,Medium,Lifts thin-inbound post to 3+ links,To do,,digital sales room,rewrite,"A buyer who receives a PDF quote, spots an error, replies-all, waits for a correction, then gets a revised attachment is forming an opinion about how hard your company is to do business with.","Without a digital sales room, a buyer who receives a PDF quote, spots an error, replies-all, waits for a correction, then gets a revised attachment is forming an opinion about how hard your company is to do business with.",The Hidden Cost of Manual Quoting (Beyond Time),medium,No DSR phrase on page; minimal prefix rewrite | subagent rematch
131,25,#25 Why Manual B2B Quoting Is Costing You Deals,https://buyience.com/blog/why-manual-b2b-quoting-is-costing-you-deals,https://buyience.com/blog/quote-turnaround-time-the-metric-fastener-distributors-ignore,#10 Quote Turnaround Time: The Metric Fastener Distributors Ignore,measuring how fast quotes go out,Cross-cluster bridge,Relevant body section,Medium,Lifts thin-inbound post to 3+ links,To do,,Time-to-quote,exact,"Time-to-quote gets all the attention, but it’s the least interesting cost of broken quoting.",,The Hidden Cost of Manual Quoting (Beyond Time),high,Strong semantic match to quote turnaround target; distinct from 126 rewrite on same sentence after edit | subagent rematch
132,26,#26 How MACH Architecture Enables Modern B2B Commerce,https://buyience.com/blog/mach-architecture-for-modern-b2b-commerce,https://buyience.com/blog/what-is-mach-architecture-a-complete-guide,#31 What Is MACH Architecture? A Complete Guide for Modern B2B Commerce,MACH architecture,Spoke → Pillar,First 150 words / intro,High,Pass authority to cluster pillar,To do,,MACH architecture,exact,"This is where MACH architecture becomes more than a buzzword. For B2B commerce, it's become a requirement.",,The B2B Commerce Architecture Crisis,high,Pillar guide; intro placement | subagent rematch
133,26,#26 How MACH Architecture Enables Modern B2B Commerce,https://buyience.com/blog/mach-architecture-for-modern-b2b-commerce,https://buyience.com/mach-architecture,/mach-architecture (product page),Buyience's MACH architecture,Blog → Money page,Before conclusion / CTA block,High,Converts blog traffic; lifts product page,To do,,MACH-native B2B stack,exact,"In a MACH-native B2B stack, you'll have an ERP system as your system of record for inventory and fulfillment.",,Where Buyience Fits in a MACH-Based B2B Stack,high,Money page; unique vs intro MACH architecture | subagent rematch
134,26,#26 How MACH Architecture Enables Modern B2B Commerce,https://buyience.com/blog/mach-architecture-for-modern-b2b-commerce,https://buyience.com/blog/b2b-commerce-and-headless-architecture,"#28 B2B Commerce and Headless Architecture: What Headless Solves, What It Doesn't, and When It Matters",what headless solves in B2B,Sibling (same cluster),Relevant body section,Medium,Topical depth within cluster,To do,,headless architecture,exact,"With headless architecture, you expose your catalog and ordering capability through APIs.",,Headless Commerce as the B2B Experience Layer,high, | subagent rematch
135,26,#26 How MACH Architecture Enables Modern B2B Commerce,https://buyience.com/blog/mach-architecture-for-modern-b2b-commerce,https://buyience.com/blog/composable-commerce-for-b2b-businesses,#30 Composable Commerce: What It Really Means for Modern B2B Businesses,composable commerce,Cross-cluster bridge,Relevant body section,Medium,Connects related intent across clusters,To do,,composable commerce,exact,…e market is fracturing between companies building on modern composable commerce and companies still managing monolithic platforms they can'…,,Architecture as a Competitive Advantage in B2B,high,Near-exact; one-word tweak from composable architectures | Applied safe rewrite in MDX; now exact
136,27,#27 Quote in B2B & AI Quote Engine: How It Works,https://buyience.com/blog/ai-quote-engine-for-b2b-commerce,https://buyience.com/blog/how-distributors-can-automate-quote-to-order-processes-2026-playbook,#14 How Distributors Can Automate Quote-to-Order Processes (2026 Playbook),quote-to-order automation playbook,Spoke → Pillar,First 150 words / intro,High,Pass authority to cluster pillar,To do,,quote-to-order process,exact,"…down, and every exception introduces risk. This is why the quote-to-order process has become a strategic problem, not just an operational one…",,Intro,high,No quote-to-order phrase in source | Applied safe rewrite in MDX; now exact
137,27,#27 Quote in B2B & AI Quote Engine: How It Works,https://buyience.com/blog/ai-quote-engine-for-b2b-commerce,https://buyience.com/ai-quote-engine,/ai-quote-engine (product page),Buyience AI Quote Engine,Blog → Money page,Before conclusion / CTA block,High,Converts blog traffic; lifts product page,To do,,Buyience AI-Powered Quote Engine,exact,The Buyience AI-Powered Quote Engine is not a standalone tool. It operates as part of the broader Buyience B2B Commerce Platform,,Quoting as Part of the Buyience Platform,high,Money page product phrase; distinct from linked AI Quote Engine for B2B earlier | subagent rematch
138,27,#27 Quote in B2B & AI Quote Engine: How It Works,https://buyience.com/blog/ai-quote-engine-for-b2b-commerce,https://buyience.com/blog/digital-sales-room-dsr,#5 Digital Sales Room (DSR),what a digital sales room (DSR) is,Sibling (same cluster),Relevant body section,Medium,Topical depth within cluster,To do,,digital sales room,rewrite,"Quoting is no longer a back-office task.

It’s a customer-facing moment that directly influences trust, speed, and deal outcomes.","Quoting is no longer a back-office task.

A digital sales room makes it a customer-facing moment that directly influences trust, speed, and deal outcomes.",Closing Thought,medium,No DSR phrase on page | subagent rematch
139,27,#27 Quote in B2B & AI Quote Engine: How It Works,https://buyience.com/blog/ai-quote-engine-for-b2b-commerce,https://buyience.com/blog/how-b2b-teams-manage-customer-specific-pricing-at-scale,#23 How B2B Teams Manage Customer-Specific Pricing at Scale,customer-specific pricing at scale,Cross-cluster bridge,Relevant body section,Medium,Connects related intent across clusters,To do,,customer-specific pricing,exact,"…most systems start to struggle. As product catalogs grow, customer-specific pricing becomes the norm, and deals move faster, quoting turns into…",,Intro,high,Near-exact contiguous idea; cleaner 3-word anchor | Applied safe rewrite in MDX; now exact
140,28,"#28 B2B Commerce and Headless Architecture: What Headless Solves, What It Doesn't, and When It Matters",https://buyience.com/blog/b2b-commerce-and-headless-architecture,https://buyience.com/blog/what-is-mach-architecture-a-complete-guide,#31 What Is MACH Architecture? A Complete Guide for Modern B2B Commerce,what MACH architecture is,Spoke → Pillar,First 150 words / intro,High,Pass authority to cluster pillar,To do,,what MACH architecture is,rewrite,Understanding what headless architecture actually enables—and what it does not—helps businesses evaluate whether it matters for their specific operational needs or whether other capabilities should take priority.,Understanding what MACH architecture is—and what headless does not solve alone—helps businesses evaluate whether it matters for their specific operational needs or whether other capabilities should take priority.,Intro,medium,No MACH phrase in source; guide-oriented rewrite | subagent rematch
141,28,"#28 B2B Commerce and Headless Architecture: What Headless Solves, What It Doesn't, and When It Matters",https://buyience.com/blog/b2b-commerce-and-headless-architecture,https://buyience.com/platform-overview,/platform-overview (product page),Buyience platform overview,Blog → Money page,Before conclusion / CTA block,High,Converts blog traffic; lifts product page,To do,,backend B2B layer,exact,Buyience is built as a backend B2B layer that extends existing e-commerce platforms.,,How Buyience Thinks About Headless,high,Money /platform-overview; product-relevant phrase | subagent rematch
142,28,"#28 B2B Commerce and Headless Architecture: What Headless Solves, What It Doesn't, and When It Matters",https://buyience.com/blog/b2b-commerce-and-headless-architecture,https://buyience.com/blog/composable-commerce-for-b2b-businesses,#30 Composable Commerce: What It Really Means for Modern B2B Businesses,what composable commerce means,Sibling (same cluster),Relevant body section,Medium,Topical depth within cluster,To do,,composable commerce,exact,"In composable commerce, the pricing engine, catalog, order management, and payment processing might all be separate components",,Headless vs Composable vs Monolithic (Clarified),high, | subagent rematch
143,28,"#28 B2B Commerce and Headless Architecture: What Headless Solves, What It Doesn't, and When It Matters",https://buyience.com/blog/b2b-commerce-and-headless-architecture,https://buyience.com/blog/what-is-b2b-ecommerce-a-complete-guide,"#29 B2B E-commerce: What It Is, Why It Matters, and How Modern Platforms Support It",what B2B e-commerce is,Cross-cluster bridge,Relevant body section,Medium,Connects related intent across clusters,To do,,B2B commerce,exact,"For B2B commerce leaders, this creates confusion. Does headless solve the problems they actually face",,Intro,medium,Best exact bridge to B2B ecommerce guide | subagent rematch
144,28,"#28 B2B Commerce and Headless Architecture: What Headless Solves, What It Doesn't, and When It Matters",https://buyience.com/blog/b2b-commerce-and-headless-architecture,https://buyience.com/blog/mach-architecture-for-modern-b2b-commerce,#26 How MACH Architecture Enables Modern B2B Commerce,how MACH architecture enables B2B commerce,Cross-cluster bridge,Relevant body section,Medium,Lifts thin-inbound post to 3+ links,To do,,MACH architecture for modern B2B,rewrite,A business anticipating frequent changes across multiple capabilities benefits from composable architecture.,A business anticipating frequent changes across multiple capabilities benefits from MACH architecture for modern B2B.,Headless vs Composable vs Monolithic (Clarified),medium,Unique vs 140; targets modern-B2B MACH post | subagent rematch
145,29,"#29 B2B E-commerce: What It Is, Why It Matters, and How Modern Platforms Support It",https://buyience.com/blog/what-is-b2b-ecommerce-a-complete-guide,https://buyience.com/blog/why-manufacturers-need-a-modern-b2b-ecommerce-platform-in-2026,#15 Why Manufacturers Need a Modern B2B Ecommerce Platform in 2026,modern B2B ecommerce platform for manufacturers,Pillar → Spoke,Section covering this subtopic,High,Pillar distributes to every spoke,To do,,manufacturer selling industrial components,exact,A manufacturer selling industrial components cannot simply list products with fixed prices.,,What Is B2B E-commerce?,high,Best exact manufacturer fit | subagent rematch
146,29,"#29 B2B E-commerce: What It Is, Why It Matters, and How Modern Platforms Support It",https://buyience.com/blog/what-is-b2b-ecommerce-a-complete-guide,https://buyience.com/blog/the-universal-commerce-protocol-is-here.-most-b2b-platforms-aren-t-ready-for-it,#18 The Universal Commerce Protocol Is Here. Most B2B Platforms Aren't Ready for It,Universal Commerce Protocol,Pillar → Spoke,Section covering this subtopic,High,Pillar distributes to every spoke,To do,,Universal Commerce Protocol,rewrite,"Instead of monolithic platforms that attempt to provide every capability, B2B e-commerce will increasingly consist of specialized components that integrate through APIs.","Instead of monolithic platforms that attempt to provide every capability, B2B e-commerce will increasingly consist of specialized components that integrate through APIs and standards like the Universal Commerce Protocol.",The Future of B2B E-commerce,medium,Phrase absent; future/modular section is natural home | subagent rematch
147,29,"#29 B2B E-commerce: What It Is, Why It Matters, and How Modern Platforms Support It",https://buyience.com/blog/what-is-b2b-ecommerce-a-complete-guide,https://buyience.com/blog/why-most-b2b-erp-integrations-fail,#19 Why Most B2B ERP Integrations Fail,why B2B ERP integrations fail,Pillar → Spoke,Section covering this subtopic,High,Pillar distributes to every spoke,To do,,ERP integrations fail,rewrite,The e-commerce platform needs to connect with these systems without requiring complete replacement.,The e-commerce platform needs to connect with these systems without requiring complete replacement—otherwise ERP integrations fail under real operational load.,Why B2B E-commerce Is Harder Than It Looks,medium,Has ERP systems but not fail phrasing | subagent rematch
148,29,"#29 B2B E-commerce: What It Is, Why It Matters, and How Modern Platforms Support It",https://buyience.com/blog/what-is-b2b-ecommerce-a-complete-guide,https://buyience.com/blog/erp-first-vs-commerce-first-architecture-in-b2b-what-actually-works,#21 ERP-First vs Commerce-First Architecture in B2B — What Actually Works,ERP-first vs commerce-first architecture,Pillar → Spoke,Section covering this subtopic,High,Pillar distributes to every spoke,To do,,ERP-first vs commerce-first,rewrite,ERP systems became the next focal point. Companies like SAP and Oracle offered B2B modules within their enterprise resource planning suites.,The ERP-first vs commerce-first debate became the next focal point. Companies like SAP and Oracle offered B2B modules within their enterprise resource planning suites.,How B2B E-commerce Has Evolved,medium,Phrase absent; distinct sentence from 147 | subagent rematch
149,29,"#29 B2B E-commerce: What It Is, Why It Matters, and How Modern Platforms Support It",https://buyience.com/blog/what-is-b2b-ecommerce-a-complete-guide,https://buyience.com/blog/what-is-buyience-a-mordern-b2b-commerce-platform,#32 What Is Buyience? A Modern API-Driven B2B Commerce Platform Built for Operational Scale,what Buyience is,Pillar → Spoke,Section covering this subtopic,High,Pillar distributes to every spoke,To do,,Buyience adds B2B functionality,exact,"Buyience adds B2B functionality on top, focusing on:",,How Buyience Approaches B2B E-commerce,high,Best exact bridge to what-is-buyience | subagent rematch
150,29,"#29 B2B E-commerce: What It Is, Why It Matters, and How Modern Platforms Support It",https://buyience.com/blog/what-is-b2b-ecommerce-a-complete-guide,https://buyience.com/nova-core,/nova-core (product page),NOVA Core B2B commerce platform,Blog → Money page,Before conclusion / CTA block,High,Converts blog traffic; lifts product page,To do,,Nova Core,rewrite,"The platform is being built with API-first design, cloud infrastructure, and modular services that can evolve independently.","The platform is being built with API-first design, cloud infrastructure, and Nova Core modular services that can evolve independently.",How Buyience Approaches B2B E-commerce,medium,Money page; Nova Core absent from source | subagent rematch
151,29,"#29 B2B E-commerce: What It Is, Why It Matters, and How Modern Platforms Support It",https://buyience.com/blog/what-is-b2b-ecommerce-a-complete-guide,https://buyience.com/blog/what-is-mach-architecture-a-complete-guide,#31 What Is MACH Architecture? A Complete Guide for Modern B2B Commerce,MACH architecture,Cross-cluster bridge,Relevant body section,Medium,Connects related intent across clusters,To do,,MACH architecture,rewrite,"The platform is being built with API-first design, cloud infrastructure, and modular services that can evolve independently.","The platform is being built on MACH architecture with API-first design, cloud infrastructure, and modular services that can evolve independently.",How Buyience Approaches B2B E-commerce,medium,MACH absent; share adjacent sentence with 150 after edits remain unique anchors | subagent rematch
152,29,"#29 B2B E-commerce: What It Is, Why It Matters, and How Modern Platforms Support It",https://buyience.com/blog/what-is-b2b-ecommerce-a-complete-guide,https://buyience.com/blog/how-distributors-can-automate-quote-to-order-processes-2026-playbook,#14 How Distributors Can Automate Quote-to-Order Processes (2026 Playbook),quote-to-order automation playbook,Cross-cluster bridge,Relevant body section,Medium,Connects related intent across clusters,To do,,Quote-to-order workflows,exact,Quote-to-order workflows — Bridge the gap between inquiry and purchase.,,Core Components of a B2B E-commerce Platform,high, | subagent rematch
153,29,"#29 B2B E-commerce: What It Is, Why It Matters, and How Modern Platforms Support It",https://buyience.com/blog/what-is-b2b-ecommerce-a-complete-guide,https://buyience.com/blog/how-b2b-teams-manage-customer-specific-pricing-at-scale,#23 How B2B Teams Manage Customer-Specific Pricing at Scale,customer-specific pricing at scale,Cross-cluster bridge,Relevant body section,Medium,Connects related intent across clusters,To do,,Customer-specific pricing,exact,Customer-specific pricing — Central to B2B transactions. Unlike consumer e-commerce where everyone sees the same price,,Core Components of a B2B E-commerce Platform,high, | subagent rematch
154,29,"#29 B2B E-commerce: What It Is, Why It Matters, and How Modern Platforms Support It",https://buyience.com/blog/what-is-b2b-ecommerce-a-complete-guide,https://buyience.com/blog/industrial-supply-distributors-moving-from-phone-email-orders-to-self-service,#8 Industrial Supply Distributors: Moving From Phone/Email Orders to Self-Service,B2B self-service ordering,Cross-cluster bridge,Relevant body section,Medium,Connects related intent across clusters,To do,,self-service buying,exact,Sales-assisted and self-service buying — Must coexist. Some B2B buyers prefer to research and order independently,,Core Components of a B2B E-commerce Platform,high,Industrial self-service target; body phrase preferred over alt-text ordering | subagent rematch
155,29,"#29 B2B E-commerce: What It Is, Why It Matters, and How Modern Platforms Support It",https://buyience.com/blog/what-is-b2b-ecommerce-a-complete-guide,https://buyience.com/blog/b2b-corporate-gifting-at-scale-quoting-bulk-pricing-and-order-management,"#7 B2B Corporate Gifting at Scale: Quoting, Bulk Pricing, and Order Management",bulk quoting and pricing for corporate gifting,Cross-cluster bridge,Relevant body section,Medium,Connects related intent across clusters,To do,,corporate gifting,rewrite,"These platforms work well for product display but lack the B2B-specific capabilities that manufacturers, distributors, and industrial goods suppliers require.","These platforms work well for product display but lack the B2B-specific capabilities that manufacturers, distributors, industrial goods suppliers, and corporate gifting brands require.",How Buyience Approaches B2B E-commerce,low,No gifting mention; weakest topical fit on this post | subagent rematch
156,30,#30 Composable Commerce: What It Really Means for Modern B2B Businesses,https://buyience.com/blog/composable-commerce-for-b2b-businesses,https://buyience.com/blog/what-is-mach-architecture-a-complete-guide,#31 What Is MACH Architecture? A Complete Guide for Modern B2B Commerce,MACH architecture,Spoke → Pillar,First 150 words / intro,High,Pass authority to cluster pillar,To do,,MACH principles,exact,"Composable commerce is commonly guided by MACH principles: Microservices, API-first, Cloud-native, and Headless.",,The MACH Principles Behind Composable Commerce,high, | subagent rematch
157,30,#30 Composable Commerce: What It Really Means for Modern B2B Businesses,https://buyience.com/blog/composable-commerce-for-b2b-businesses,https://buyience.com/platform-overview,/platform-overview (product page),Buyience platform overview,Blog → Money page,Before conclusion / CTA block,High,Converts blog traffic; lifts product page,To do,,B2B commerce,exact,B2B commerce introduces complexity at a deeper level. The challenges are not primarily visual—they are operational.,,Why Composable Commerce in B2B Is Different,high,Money /platform-overview; phrase already targets that URL in MDX | subagent rematch
158,30,#30 Composable Commerce: What It Really Means for Modern B2B Businesses,https://buyience.com/blog/composable-commerce-for-b2b-businesses,https://buyience.com/blog/composable-commerce-for-b2b-a-decision-guide,#17 Composable Commerce for B2B — A Decision Guide,deciding whether composable fits,Sibling (same cluster),Relevant body section,Medium,Topical depth within cluster,To do,,Composable commerce is best adopted incrementally,exact,"Composable commerce is best adopted incrementally, starting with the capabilities that create the most friction.",,When Composable Commerce Is the Right Choice (And When It’s Not),high,Best exact fit for decision-guide target | subagent rematch
159,31,#31 What Is MACH Architecture? A Complete Guide for Modern B2B Commerce,https://buyience.com/blog/what-is-mach-architecture-a-complete-guide,https://buyience.com/blog/composable-commerce-for-b2b-a-decision-guide,#17 Composable Commerce for B2B — A Decision Guide,composable commerce decision guide,Pillar → Spoke,Section covering this subtopic,High,Pillar distributes to every spoke,To do,,composable commerce architecture,exact,enabling a composable commerce architecture where businesses select and combine components based on real operational needs.,,What Is MACH Architecture?,high,Decision-guide target; distinct from 163 | subagent rematch
160,31,#31 What Is MACH Architecture? A Complete Guide for Modern B2B Commerce,https://buyience.com/blog/what-is-mach-architecture-a-complete-guide,https://buyience.com/blog/the-real-cost-of-headless-commerce-for-b2b-companies,#20 The Real Cost of Headless Commerce for B2B Companies,real cost of headless commerce,Pillar → Spoke,Section covering this subtopic,High,Pillar distributes to every spoke,To do,,real cost of headless commerce,rewrite,Headless architecture separates backend commerce logic from frontend presentation layers.,The real cost of headless commerce shows up when Headless architecture separates backend commerce logic from frontend presentation layers without fixing B2B workflows.,Headless Commerce Architecture,medium,Exact Headless phrases lack cost semantics; minimal rewrite | subagent rematch
161,31,#31 What Is MACH Architecture? A Complete Guide for Modern B2B Commerce,https://buyience.com/blog/what-is-mach-architecture-a-complete-guide,https://buyience.com/blog/mach-architecture-for-modern-b2b-commerce,#26 How MACH Architecture Enables Modern B2B Commerce,how MACH architecture enables B2B commerce,Pillar → Spoke,Section covering this subtopic,High,Pillar distributes to every spoke,To do,,MACH architecture enables,exact,MACH architecture enables replacing or extending individual services without impacting the rest of the platform,,MACH Architecture vs Monolithic Architecture in B2B Commerce,high,Exact match to enables-modern-B2B target | subagent rematch
162,31,#31 What Is MACH Architecture? A Complete Guide for Modern B2B Commerce,https://buyience.com/blog/what-is-mach-architecture-a-complete-guide,https://buyience.com/blog/b2b-commerce-and-headless-architecture,"#28 B2B Commerce and Headless Architecture: What Headless Solves, What It Doesn't, and When It Matters",headless architecture for B2B commerce,Pillar → Spoke,Section covering this subtopic,High,Pillar distributes to every spoke,To do,,Headless architecture,exact,Headless architecture separates backend commerce logic from frontend presentation layers.,,Headless Commerce Architecture,high,Unique vs 160 rewrite anchor | subagent rematch
163,31,#31 What Is MACH Architecture? A Complete Guide for Modern B2B Commerce,https://buyience.com/blog/what-is-mach-architecture-a-complete-guide,https://buyience.com/blog/composable-commerce-for-b2b-businesses,#30 Composable Commerce: What It Really Means for Modern B2B Businesses,composable commerce,Pillar → Spoke,Section covering this subtopic,High,Pillar distributes to every spoke,To do,,composable commerce,exact,MACH architecture is the technical foundation that makes composable commerce feasible.,,MACH Architecture and Composable Commerce,high,Distinct from composable commerce architecture | subagent rematch
164,31,#31 What Is MACH Architecture? A Complete Guide for Modern B2B Commerce,https://buyience.com/blog/what-is-mach-architecture-a-complete-guide,https://buyience.com/mach-architecture,/mach-architecture (product page),Buyience's MACH architecture,Blog → Money page,Before conclusion / CTA block,High,Converts blog traffic; lifts product page,To do,,MACH architecture is the technical foundation,exact,MACH architecture is the technical foundation that makes composable commerce feasible.,,MACH Architecture and Composable Commerce,high,Money /mach-architecture; unique vs MACH architecture enables | subagent rematch
165,31,#31 What Is MACH Architecture? A Complete Guide for Modern B2B Commerce,https://buyience.com/blog/what-is-mach-architecture-a-complete-guide,https://buyience.com/blog/what-is-b2b-ecommerce-a-complete-guide,"#29 B2B E-commerce: What It Is, Why It Matters, and How Modern Platforms Support It",B2B e-commerce guide,Cross-cluster bridge,Relevant body section,Medium,Connects related intent across clusters,To do,,B2B commerce platforms,exact,MACH architecture has become the standard approach for modern B2B commerce platforms that need to adapt faster than traditional systems allow.,,Intro,high, | subagent rematch
166,32,#32 What Is Buyience? A Modern API-Driven B2B Commerce Platform Built for Operational Scale,https://buyience.com/blog/what-is-buyience-a-mordern-b2b-commerce-platform,https://buyience.com/blog/what-is-b2b-ecommerce-a-complete-guide,"#29 B2B E-commerce: What It Is, Why It Matters, and How Modern Platforms Support It",B2B e-commerce guide,Spoke → Pillar,First 150 words / intro,High,Pass authority to cluster pillar,To do,,Modern B2B commerce,exact,Modern B2B commerce requires infrastructure that adapts as businesses grow — without locking them into rigid systems or escalating costs.,,Buyience as the Foundation for Modern B2B Commerce,high,Avoids B2B commerce platforms already linked to /platform-overview | subagent rematch
167,32,#32 What Is Buyience? A Modern API-Driven B2B Commerce Platform Built for Operational Scale,https://buyience.com/blog/what-is-buyience-a-mordern-b2b-commerce-platform,https://buyience.com/pricing,/pricing (product page),Buyience pricing,Blog → Money page,Before conclusion / CTA block,High,Converts blog traffic; lifts product page,To do,,Advanced Pricing Rules,exact,"Advanced Pricing Rules — Set dynamic, region-specific pricing with powerful global rule engines.",,Key Capabilities That Differentiate Buyience,high,Money /pricing; product capability phrase | subagent rematch
168,32,#32 What Is Buyience? A Modern API-Driven B2B Commerce Platform Built for Operational Scale,https://buyience.com/blog/what-is-buyience-a-mordern-b2b-commerce-platform,https://buyience.com/blog/why-manufacturers-need-a-modern-b2b-ecommerce-platform-in-2026,#15 Why Manufacturers Need a Modern B2B Ecommerce Platform in 2026,why manufacturers need B2B ecommerce,Sibling (same cluster),Relevant body section,Medium,Topical depth within cluster,To do,,Manufacturers selling direct,exact,Manufacturers selling direct to retailers or partners,,Who Buyience Is Built For,high, | subagent rematch
169,32,#32 What Is Buyience? A Modern API-Driven B2B Commerce Platform Built for Operational Scale,https://buyience.com/blog/what-is-buyience-a-mordern-b2b-commerce-platform,https://buyience.com/blog/ai-quote-engine-for-b2b-commerce,#27 Quote in B2B & AI Quote Engine: How It Works,AI quote engine,Cross-cluster bridge,Relevant body section,Medium,Connects related intent across clusters,To do,,AI Quote Engine,exact,"AI Quote Engine — AI-powered quoting that analyzes customer history, margins, and market data to generate winning quotes in seconds.",,Core Operational Modules of Buyience,high, | subagent rematch
170,32,#32 What Is Buyience? A Modern API-Driven B2B Commerce Platform Built for Operational Scale,https://buyience.com/blog/what-is-buyience-a-mordern-b2b-commerce-platform,https://buyience.com/blog/how-b2b-teams-manage-customer-specific-pricing-at-scale,#23 How B2B Teams Manage Customer-Specific Pricing at Scale,managing customer-specific pricing,Cross-cluster bridge,Relevant body section,Medium,Connects related intent across clusters,To do,,managing customer-specific pricing,exact,"Delivering these experiences while managing customer-specific pricing, contracts, approvals, and fulfillment rules requires a fundamentally different kind of commerce platform.",,Why B2B Commerce Infrastructure Is Failing Growing Businesses,high, | subagent rematch
171,32,#32 What Is Buyience? A Modern API-Driven B2B Commerce Platform Built for Operational Scale,https://buyience.com/blog/what-is-buyience-a-mordern-b2b-commerce-platform,https://buyience.com/blog/what-is-mach-architecture-a-complete-guide,#31 What Is MACH Architecture? A Complete Guide for Modern B2B Commerce,what MACH architecture is,Cross-cluster bridge,Relevant body section,Medium,Connects related intent across clusters,To do,,Built on MACH Architecture,exact,Built on MACH Architecture — With Practical Outcomes,,Built on MACH Architecture — With Practical Outcomes,medium,Heading phrase; avoids colliding with body MACH architecture linked to money page | subagent rematch
